[
{
    "model": "sessions.session",
    "pk": "0tzk94oqfftsq5lxm3iszu1eo1q4nfyw",
    "fields": {
        "session_data": ".eJxVjDsOwjAQBe_iGln-rH-U9JzBWnttHECOFCcV4u4QKQW0b2bei0Xc1ha3UZY4ETszYKffLWF-lL4DumO_zTzPfV2mxHeFH3Tw60zleTncv4OGo33rktALRaCrESEEjzVko6koZ5wnm6qWklSViOCQAIswWhsFKltrIVn2_gDpUjel:1wOtMI:XuDhsUaW3JfKkv4M-EEXQVYCwBUPqdfVgUKtA8g2TS4",
        "expire_date": "2026-06-01T08:29:54.980Z"
    }
},
{
    "model": "sessions.session",
    "pk": "5e14kbxxaw66grptzhn1pp4ydw6js31j",
    "fields": {
        "session_data": ".eJxVjDsOwjAQBe_iGln-rH-U9JzBWnttHECOFCcV4u4QKQW0b2bei0Xc1ha3UZY4ETszYKffLWF-lL4DumO_zTzPfV2mxHeFH3Tw60zleTncv4OGo33rktALRaCrESEEjzVko6koZ5wnm6qWklSViOCQAIswWhsFKltrIVn2_gDpUjel:1wKsHx:nQqVfje06n9soC633wNH1kU7u5hQeCqbXLDV0cvhxJI",
        "expire_date": "2026-05-21T06:32:49.484Z"
    }
},
{
    "model": "sessions.session",
    "pk": "70qg8hwsb1uxyvqlk111k5g0yu1kt24b",
    "fields": {
        "session_data": ".eJxVjDsOwjAQBe_iGln-rH-U9JzBWnttHECOFCcV4u4QKQW0b2bei0Xc1ha3UZY4ETszYKffLWF-lL4DumO_zTzPfV2mxHeFH3Tw60zleTncv4OGo33rktALRaCrESEEjzVko6koZ5wnm6qWklSViOCQAIswWhsFKltrIVn2_gDpUjel:1wOtFu:5nBv69Zn2TB29aSI6opAohS-FbsgrmhQmGER-xLJkSo",
        "expire_date": "2026-06-01T08:23:18.454Z"
    }
},
{
    "model": "sessions.session",
    "pk": "8885pejx5couk0detxuy4izvlvy9mc5a",
    "fields": {
        "session_data": ".eJxVjDsOwjAQBe_iGln-rH-U9JzBWnttHECOFCcV4u4QKQW0b2bei0Xc1ha3UZY4ETszYKffLWF-lL4DumO_zTzPfV2mxHeFH3Tw60zleTncv4OGo33rktALRaCrESEEjzVko6koZ5wnm6qWklSViOCQAIswWhsFKltrIVn2_gDpUjel:1wKjjL:696IWieNg1EPbjdaJZxrxDUG4iWPN9lANXwd8akehec",
        "expire_date": "2026-05-20T21:24:31.826Z"
    }
},
{
    "model": "sessions.session",
    "pk": "8ng5bv33cm52jh2x581fbn5ei2dgv3ys",
    "fields": {
        "session_data": ".eJxVjDsOwjAQBe_iGln-rH-U9JzBWnttHECOFCcV4u4QKQW0b2bei0Xc1ha3UZY4ETszYKffLWF-lL4DumO_zTzPfV2mxHeFH3Tw60zleTncv4OGo33rktALRaCrESEEjzVko6koZ5wnm6qWklSViOCQAIswWhsFKltrIVn2_gDpUjel:1wKVHq:9rmgorCVDrjgODB8VXmith6IeedZ6ZfjnF2op2QmJiw",
        "expire_date": "2026-05-20T05:59:10.802Z"
    }
},
{
    "model": "sessions.session",
    "pk": "9mqtzyacrmpwn1tnedpoqywc5g6h09by",
    "fields": {
        "session_data": ".eJxVjDsOwjAQBe_iGln-rH-U9JzBWnttHECOFCcV4u4QKQW0b2bei0Xc1ha3UZY4ETszYKffLWF-lL4DumO_zTzPfV2mxHeFH3Tw60zleTncv4OGo33rktALRaCrESEEjzVko6koZ5wnm6qWklSViOCQAIswWhsFKltrIVn2_gDpUjel:1wKVHq:9rmgorCVDrjgODB8VXmith6IeedZ6ZfjnF2op2QmJiw",
        "expire_date": "2026-05-20T05:59:10.783Z"
    }
},
{
    "model": "sessions.session",
    "pk": "d4eidyvyqr8tjkr9vana0qu5h6n00fpd",
    "fields": {
        "session_data": ".eJxVjMsOwiAUBf-FtSEIhSsu3fsN5D5AqoYmpV0Z_12bdKHbMzPnpRKuS01rz3MaRZ2VVYffjZAfuW1A7thuk-apLfNIelP0Tru-TpKfl939O6jY67c-BSYbB-9CYA6RCliJ4p3LxQABR-NFBLMUaxCEqcTiHRwzIqAdvHp_APdwONA:1wOskL:YxmGaCaxxCsZwbxBxOncwYlirHzDmc8rYjoigTdwFw0",
        "expire_date": "2026-06-01T07:50:41.757Z"
    }
},
{
    "model": "sessions.session",
    "pk": "m8bn2a6ghww1fm3hn4djfwzf4zo19ji3",
    "fields": {
        "session_data": ".eJxVjDsOwjAQBe_iGln-rH-U9JzBWnttHECOFCcV4u4QKQW0b2bei0Xc1ha3UZY4ETszYKffLWF-lL4DumO_zTzPfV2mxHeFH3Tw60zleTncv4OGo33rktALRaCrESEEjzVko6koZ5wnm6qWklSViOCQAIswWhsFKltrIVn2_gDpUjel:1wNH6s:QE5Ru61IvBzhm3afAf67MRUQuv0LMjUxZssmKgKUqbo",
        "expire_date": "2026-05-27T21:27:18.576Z"
    }
},
{
    "model": "sessions.session",
    "pk": "msxdqiwcgeoc5wqwef8sbgyxdvhvjenn",
    "fields": {
        "session_data": ".eJxVjDsOwjAQBe_iGln-rH-U9JzBWnttHECOFCcV4u4QKQW0b2bei0Xc1ha3UZY4ETszYKffLWF-lL4DumO_zTzPfV2mxHeFH3Tw60zleTncv4OGo33rktALRaCrESEEjzVko6koZ5wnm6qWklSViOCQAIswWhsFKltrIVn2_gDpUjel:1wNH9R:go5INrMRIvwryu68HzfXFwgGsyQwmwLI4EHohbpPpQA",
        "expire_date": "2026-05-27T21:29:57.649Z"
    }
},
{
    "model": "sessions.session",
    "pk": "owtsy6q6n692wrbsa2gt7h02mvag1czr",
    "fields": {
        "session_data": ".eJxVjDsOwjAQBe_iGln-rH-U9JzBWnttHECOFCcV4u4QKQW0b2bei0Xc1ha3UZY4ETszYKffLWF-lL4DumO_zTzPfV2mxHeFH3Tw60zleTncv4OGo33rktALRaCrESEEjzVko6koZ5wnm6qWklSViOCQAIswWhsFKltrIVn2_gDpUjel:1wIhmC:f-gxs2npitXcc-ou8biq2gf_4FGre4Zhmd1OHORISIM",
        "expire_date": "2026-05-15T06:55:04.915Z"
    }
},
{
    "model": "users_app.user",
    "fields": {
        "password": "pbkdf2_sha256$1000000$eVwQczDFN57KyFMObM9ssi$19KFQ9tTZ5/AGprdixBjGivAlvcK2f5EN7TxHiTowJ8=",
        "last_login": null,
        "is_superuser": true,
        "email": "admin@das.com",
        "full_name": "Admin Koç",
        "role": "coach",
        "coach": null,
        "is_active": true,
        "is_staff": true,
        "is_approved": true,
        "denemeler_v2": false,
        "theme": "auto",
        "grade": "",
        "created_at": "2026-04-28T08:15:29.589Z",
        "current_streak": 0,
        "longest_streak": 0,
        "last_activity_date": null,
        "groups": [],
        "user_permissions": []
    }
},
{
    "model": "users_app.user",
    "fields": {
        "password": "pbkdf2_sha256$1000000$PJm3x49F4W7ah1zFQTMMXS$aXPHWtHte3nypjJC1IIBYkH+E29yjHD5e42H5jkIkik=",
        "last_login": "2026-05-18T08:21:35.696Z",
        "is_superuser": false,
        "email": "kayaa3413@gmail.com",
        "full_name": "Ali Kaya",
        "role": "coach",
        "coach": null,
        "is_active": true,
        "is_staff": false,
        "is_approved": true,
        "denemeler_v2": false,
        "theme": "auto",
        "grade": "",
        "created_at": "2026-04-28T08:27:11.221Z",
        "current_streak": 0,
        "longest_streak": 0,
        "last_activity_date": null,
        "groups": [],
        "user_permissions": []
    }
},
{
    "model": "users_app.user",
    "fields": {
        "password": "pbkdf2_sha256$1000000$jXcoVNuiyMVnjIJAnpk4Jl$cWQcbaD9lqHb5o4iVM5cgfxshHUaeHaeefJkpZQhOGs=",
        "last_login": "2026-04-28T08:27:48.311Z",
        "is_superuser": false,
        "email": "akak@gmail.com",
        "full_name": "Deneme",
        "role": "student",
        "coach": null,
        "is_active": true,
        "is_staff": false,
        "is_approved": false,
        "denemeler_v2": false,
        "theme": "auto",
        "grade": "",
        "created_at": "2026-04-28T08:27:48.301Z",
        "current_streak": 1,
        "longest_streak": 1,
        "last_activity_date": "2026-05-18",
        "groups": [],
        "user_permissions": []
    }
},
{
    "model": "users_app.user",
    "fields": {
        "password": "pbkdf2_sha256$1000000$n2FKz9dD648pFZx720p53Q$u5bjdBjpS9Pr+WX47PW9XN9Fmro82DkqqYM+MD4VOgU=",
        "last_login": "2026-05-18T08:29:54.974Z",
        "is_superuser": false,
        "email": "a@gmail.com",
        "full_name": "ali",
        "role": "student",
        "coach": [
            "kayaa3413@gmail.com"
        ],
        "is_active": true,
        "is_staff": false,
        "is_approved": false,
        "denemeler_v2": false,
        "theme": "dark",
        "grade": "",
        "created_at": "2026-04-28T08:39:18.652Z",
        "current_streak": 1,
        "longest_streak": 1,
        "last_activity_date": "2026-05-18",
        "groups": [],
        "user_permissions": []
    }
},
{
    "model": "users_app.user",
    "fields": {
        "password": "pbkdf2_sha256$1000000$3C7Wn8gopwivnaiRssbnOI$HJOLM/bIw+NmaqhN1ingxJ6Qwp6w0HczTvl8167jYX8=",
        "last_login": "2026-05-05T05:50:59.320Z",
        "is_superuser": true,
        "email": "kayaa3413@hotmail.com",
        "full_name": "Ali",
        "role": "coach",
        "coach": null,
        "is_active": true,
        "is_staff": true,
        "is_approved": true,
        "denemeler_v2": false,
        "theme": "auto",
        "grade": "",
        "created_at": "2026-04-30T16:05:46.901Z",
        "current_streak": 0,
        "longest_streak": 0,
        "last_activity_date": null,
        "groups": [],
        "user_permissions": []
    }
},
{
    "model": "users_app.user",
    "fields": {
        "password": "pbkdf2_sha256$1000000$XTU8FDPeCFExPrWwojE4FH$r6A3B/EDsqBZDAGw4ubDDADZYwMmdUFeOgIv1RpVk0k=",
        "last_login": null,
        "is_superuser": false,
        "email": "coach_step5@test.com",
        "full_name": "Test Coach",
        "role": "coach",
        "coach": null,
        "is_active": true,
        "is_staff": false,
        "is_approved": false,
        "denemeler_v2": false,
        "theme": "auto",
        "grade": "",
        "created_at": "2026-05-03T22:25:36.802Z",
        "current_streak": 0,
        "longest_streak": 0,
        "last_activity_date": null,
        "groups": [],
        "user_permissions": []
    }
},
{
    "model": "users_app.user",
    "fields": {
        "password": "pbkdf2_sha256$1000000$1HM9xpVrqzDukfQEAU8kDm$KUsWhqEt+86xrRnPGdsJoQe1S91H/JGMzj0zEtebuDQ=",
        "last_login": null,
        "is_superuser": false,
        "email": "student_step5@test.com",
        "full_name": "Test Student",
        "role": "student",
        "coach": [
            "kayaa3413@gmail.com"
        ],
        "is_active": true,
        "is_staff": false,
        "is_approved": false,
        "denemeler_v2": false,
        "theme": "auto",
        "grade": "",
        "created_at": "2026-05-03T22:25:37.391Z",
        "current_streak": 0,
        "longest_streak": 0,
        "last_activity_date": null,
        "groups": [],
        "user_permissions": []
    }
},
{
    "model": "users_app.user",
    "fields": {
        "password": "pbkdf2_sha256$1000000$frt33JU23OqD3mw5bYPW0m$VZ4KViw/yta0eAaZbhvQHtwbKiD5FJej/PtBVJ3E06U=",
        "last_login": null,
        "is_superuser": false,
        "email": "coach2_step5@test.com",
        "full_name": "Other Coach",
        "role": "coach",
        "coach": null,
        "is_active": true,
        "is_staff": false,
        "is_approved": false,
        "denemeler_v2": false,
        "theme": "auto",
        "grade": "",
        "created_at": "2026-05-03T22:25:37.992Z",
        "current_streak": 0,
        "longest_streak": 0,
        "last_activity_date": null,
        "groups": [],
        "user_permissions": []
    }
},
{
    "model": "users_app.user",
    "fields": {
        "password": "pbkdf2_sha256$1000000$CrlmXe2vzZ4xRPCM9PLXQE$R9CCxXr9P0yrp1CAI0sPrOTvaUmRJs5c+y8ucLrya64=",
        "last_login": null,
        "is_superuser": false,
        "email": "stranger_step5@test.com",
        "full_name": "Stranger",
        "role": "coach",
        "coach": null,
        "is_active": true,
        "is_staff": false,
        "is_approved": false,
        "denemeler_v2": false,
        "theme": "auto",
        "grade": "",
        "created_at": "2026-05-03T22:25:38.552Z",
        "current_streak": 0,
        "longest_streak": 0,
        "last_activity_date": null,
        "groups": [],
        "user_permissions": []
    }
},
{
    "model": "users_app.user",
    "fields": {
        "password": "pbkdf2_sha256$1000000$Opk2ssmek2pDbWCEzUIG99$hR/Nn+2ssuO9A21fF5k2lW7WipkO2olJ03+JRbg1JCI=",
        "last_login": null,
        "is_superuser": false,
        "email": "coach_render_test@test.com",
        "full_name": "Coach",
        "role": "coach",
        "coach": null,
        "is_active": true,
        "is_staff": false,
        "is_approved": false,
        "denemeler_v2": false,
        "theme": "auto",
        "grade": "",
        "created_at": "2026-05-03T22:30:30.019Z",
        "current_streak": 0,
        "longest_streak": 0,
        "last_activity_date": null,
        "groups": [],
        "user_permissions": []
    }
},
{
    "model": "users_app.user",
    "fields": {
        "password": "pbkdf2_sha256$1000000$f4D5s5hnXkrtPliGhc6pCg$qJ4Voy1NlXtsHurKKxUh7PDrSrZfqTb6PFiVsBQnkEw=",
        "last_login": null,
        "is_superuser": false,
        "email": "student_render_test@test.com",
        "full_name": "Ali Veli",
        "role": "student",
        "coach": [
            "coach_render_test@test.com"
        ],
        "is_active": true,
        "is_staff": false,
        "is_approved": false,
        "denemeler_v2": false,
        "theme": "auto",
        "grade": "",
        "created_at": "2026-05-03T22:30:30.592Z",
        "current_streak": 0,
        "longest_streak": 0,
        "last_activity_date": null,
        "groups": [],
        "user_permissions": []
    }
},
{
    "model": "users_app.user",
    "fields": {
        "password": "pbkdf2_sha256$1000000$fmy4UJm5mdQTnTCnQFYEIk$JPpHCfuZ2QlegNrkHfAMnKBc0prVhK+39uENge4Dkw0=",
        "last_login": null,
        "is_superuser": false,
        "email": "student_e2e@test.com",
        "full_name": "E2E Student",
        "role": "student",
        "coach": [
            "admin@das.com"
        ],
        "is_active": true,
        "is_staff": false,
        "is_approved": false,
        "denemeler_v2": false,
        "theme": "auto",
        "grade": "",
        "created_at": "2026-05-04T19:34:42.946Z",
        "current_streak": 0,
        "longest_streak": 0,
        "last_activity_date": null,
        "groups": [],
        "user_permissions": []
    }
},
{
    "model": "users_app.user",
    "fields": {
        "password": "pbkdf2_sha256$1000000$KxF097xxeaewYs2lFXjwqE$tcjNpJFPtLg9xmbI6z5/pzi+ON47j3efulFZQmbKXqk=",
        "last_login": "2026-05-05T05:57:46.000Z",
        "is_superuser": false,
        "email": "diren0@gmail.com",
        "full_name": "dirren",
        "role": "coach",
        "coach": null,
        "is_active": true,
        "is_staff": false,
        "is_approved": true,
        "denemeler_v2": false,
        "theme": "auto",
        "grade": "",
        "created_at": "2026-05-05T05:33:40.778Z",
        "current_streak": 0,
        "longest_streak": 0,
        "last_activity_date": null,
        "groups": [],
        "user_permissions": []
    }
},
{
    "model": "users_app.user",
    "fields": {
        "password": "pbkdf2_sha256$1000000$JM6MozvAhz3xEz9SPVu0yU$G1an1RhGVYYxV41ev6LCO7MEBvtgYzTzeQXpExXjTI8=",
        "last_login": "2026-05-06T05:52:31.125Z",
        "is_superuser": false,
        "email": "deneme@gmail.com",
        "full_name": "denemeci",
        "role": "coach",
        "coach": null,
        "is_active": true,
        "is_staff": false,
        "is_approved": false,
        "denemeler_v2": false,
        "theme": "auto",
        "grade": "",
        "created_at": "2026-05-05T05:36:59.426Z",
        "current_streak": 0,
        "longest_streak": 0,
        "last_activity_date": null,
        "groups": [],
        "user_permissions": []
    }
},
{
    "model": "users_app.user",
    "fields": {
        "password": "pbkdf2_sha256$1000000$tShpHNTESJAP5P3ODEGCXS$G9gzh4vkuFUBsRzU18BP5cG21oHGOQKqv2mSzI+vdYY=",
        "last_login": "2026-05-05T05:49:32.747Z",
        "is_superuser": false,
        "email": "kayaaali202506@gmail.com",
        "full_name": "alikayo",
        "role": "student",
        "coach": [
            "kayaa3413@gmail.com"
        ],
        "is_active": true,
        "is_staff": false,
        "is_approved": true,
        "denemeler_v2": false,
        "theme": "auto",
        "grade": "",
        "created_at": "2026-05-05T05:49:32.685Z",
        "current_streak": 0,
        "longest_streak": 0,
        "last_activity_date": null,
        "groups": [],
        "user_permissions": []
    }
},
{
    "model": "users_app.coachstudent",
    "pk": 1,
    "fields": {
        "coach": [
            "kayaa3413@gmail.com"
        ],
        "student": [
            "student_step5@test.com"
        ],
        "active": true,
        "created_at": "2026-05-14T07:41:07.959Z"
    }
},
{
    "model": "users_app.coachstudent",
    "pk": 2,
    "fields": {
        "coach": [
            "kayaa3413@gmail.com"
        ],
        "student": [
            "a@gmail.com"
        ],
        "active": true,
        "created_at": "2026-05-14T07:41:07.993Z"
    }
},
{
    "model": "users_app.coachstudent",
    "pk": 3,
    "fields": {
        "coach": [
            "kayaa3413@gmail.com"
        ],
        "student": [
            "kayaaali202506@gmail.com"
        ],
        "active": true,
        "created_at": "2026-05-14T07:41:07.999Z"
    }
},
{
    "model": "users_app.coachauditlog",
    "pk": 1,
    "fields": {
        "coach": [
            "kayaa3413@gmail.com"
        ],
        "student": null,
        "action": "viewed_roster",
        "timestamp": "2026-05-14T07:41:08.004Z"
    }
},
{
    "model": "users_app.coachauditlog",
    "pk": 2,
    "fields": {
        "coach": [
            "kayaa3413@gmail.com"
        ],
        "student": null,
        "action": "viewed_roster",
        "timestamp": "2026-05-14T07:41:18.538Z"
    }
},
{
    "model": "users_app.coachauditlog",
    "pk": 3,
    "fields": {
        "coach": [
            "kayaa3413@gmail.com"
        ],
        "student": [
            "a@gmail.com"
        ],
        "action": "viewed_snapshot",
        "timestamp": "2026-05-14T07:41:20.126Z"
    }
},
{
    "model": "users_app.coachauditlog",
    "pk": 4,
    "fields": {
        "coach": [
            "kayaa3413@gmail.com"
        ],
        "student": null,
        "action": "viewed_roster",
        "timestamp": "2026-05-14T07:41:22.379Z"
    }
},
{
    "model": "users_app.coachauditlog",
    "pk": 5,
    "fields": {
        "coach": [
            "kayaa3413@gmail.com"
        ],
        "student": [
            "a@gmail.com"
        ],
        "action": "viewed_snapshot",
        "timestamp": "2026-05-14T07:41:25.514Z"
    }
},
{
    "model": "users_app.coachauditlog",
    "pk": 6,
    "fields": {
        "coach": [
            "kayaa3413@gmail.com"
        ],
        "student": null,
        "action": "viewed_roster",
        "timestamp": "2026-05-14T07:41:56.352Z"
    }
},
{
    "model": "users_app.coachauditlog",
    "pk": 7,
    "fields": {
        "coach": [
            "kayaa3413@gmail.com"
        ],
        "student": [
            "a@gmail.com"
        ],
        "action": "viewed_snapshot",
        "timestamp": "2026-05-14T07:41:58.690Z"
    }
},
{
    "model": "users_app.coachauditlog",
    "pk": 8,
    "fields": {
        "coach": [
            "kayaa3413@gmail.com"
        ],
        "student": null,
        "action": "viewed_roster",
        "timestamp": "2026-05-14T07:42:02.140Z"
    }
},
{
    "model": "users_app.coachauditlog",
    "pk": 9,
    "fields": {
        "coach": [
            "kayaa3413@gmail.com"
        ],
        "student": [
            "a@gmail.com"
        ],
        "action": "viewed_snapshot",
        "timestamp": "2026-05-14T07:42:03.858Z"
    }
},
{
    "model": "users_app.coachauditlog",
    "pk": 10,
    "fields": {
        "coach": [
            "kayaa3413@gmail.com"
        ],
        "student": null,
        "action": "viewed_roster",
        "timestamp": "2026-05-14T07:42:54.538Z"
    }
},
{
    "model": "users_app.coachauditlog",
    "pk": 11,
    "fields": {
        "coach": [
            "kayaa3413@gmail.com"
        ],
        "student": [
            "a@gmail.com"
        ],
        "action": "viewed_snapshot",
        "timestamp": "2026-05-14T07:42:59.534Z"
    }
},
{
    "model": "users_app.coachauditlog",
    "pk": 12,
    "fields": {
        "coach": [
            "kayaa3413@gmail.com"
        ],
        "student": [
            "a@gmail.com"
        ],
        "action": "viewed_snapshot",
        "timestamp": "2026-05-14T07:43:01.815Z"
    }
},
{
    "model": "users_app.coachauditlog",
    "pk": 13,
    "fields": {
        "coach": [
            "kayaa3413@gmail.com"
        ],
        "student": null,
        "action": "viewed_roster",
        "timestamp": "2026-05-14T07:43:10.648Z"
    }
},
{
    "model": "users_app.coachauditlog",
    "pk": 14,
    "fields": {
        "coach": [
            "kayaa3413@gmail.com"
        ],
        "student": null,
        "action": "viewed_roster",
        "timestamp": "2026-05-14T07:43:33.326Z"
    }
},
{
    "model": "users_app.coachauditlog",
    "pk": 15,
    "fields": {
        "coach": [
            "kayaa3413@gmail.com"
        ],
        "student": [
            "student_step5@test.com"
        ],
        "action": "viewed_snapshot",
        "timestamp": "2026-05-14T07:43:36.229Z"
    }
},
{
    "model": "users_app.coachauditlog",
    "pk": 16,
    "fields": {
        "coach": [
            "kayaa3413@gmail.com"
        ],
        "student": null,
        "action": "viewed_roster",
        "timestamp": "2026-05-14T07:43:37.960Z"
    }
},
{
    "model": "users_app.coachauditlog",
    "pk": 17,
    "fields": {
        "coach": [
            "kayaa3413@gmail.com"
        ],
        "student": [
            "kayaaali202506@gmail.com"
        ],
        "action": "viewed_snapshot",
        "timestamp": "2026-05-14T07:43:39.454Z"
    }
},
{
    "model": "users_app.coachauditlog",
    "pk": 18,
    "fields": {
        "coach": [
            "kayaa3413@gmail.com"
        ],
        "student": null,
        "action": "viewed_roster",
        "timestamp": "2026-05-14T07:43:40.760Z"
    }
},
{
    "model": "users_app.coachauditlog",
    "pk": 19,
    "fields": {
        "coach": [
            "kayaa3413@gmail.com"
        ],
        "student": [
            "a@gmail.com"
        ],
        "action": "viewed_snapshot",
        "timestamp": "2026-05-14T07:43:46.672Z"
    }
},
{
    "model": "users_app.coachauditlog",
    "pk": 20,
    "fields": {
        "coach": [
            "kayaa3413@gmail.com"
        ],
        "student": null,
        "action": "viewed_roster",
        "timestamp": "2026-05-14T07:43:47.971Z"
    }
},
{
    "model": "users_app.coachauditlog",
    "pk": 21,
    "fields": {
        "coach": [
            "kayaa3413@gmail.com"
        ],
        "student": [
            "student_step5@test.com"
        ],
        "action": "viewed_snapshot",
        "timestamp": "2026-05-14T07:43:49.191Z"
    }
},
{
    "model": "users_app.coachauditlog",
    "pk": 22,
    "fields": {
        "coach": [
            "kayaa3413@gmail.com"
        ],
        "student": null,
        "action": "viewed_roster",
        "timestamp": "2026-05-14T07:44:01.687Z"
    }
},
{
    "model": "users_app.coachauditlog",
    "pk": 23,
    "fields": {
        "coach": [
            "kayaa3413@gmail.com"
        ],
        "student": null,
        "action": "viewed_roster",
        "timestamp": "2026-05-14T07:44:28.485Z"
    }
},
{
    "model": "users_app.coachauditlog",
    "pk": 24,
    "fields": {
        "coach": [
            "kayaa3413@gmail.com"
        ],
        "student": null,
        "action": "viewed_roster",
        "timestamp": "2026-05-14T07:46:39.474Z"
    }
},
{
    "model": "users_app.coachauditlog",
    "pk": 25,
    "fields": {
        "coach": [
            "kayaa3413@gmail.com"
        ],
        "student": null,
        "action": "viewed_roster",
        "timestamp": "2026-05-14T07:46:52.449Z"
    }
},
{
    "model": "users_app.coachauditlog",
    "pk": 26,
    "fields": {
        "coach": [
            "kayaa3413@gmail.com"
        ],
        "student": [
            "a@gmail.com"
        ],
        "action": "viewed_snapshot",
        "timestamp": "2026-05-14T07:46:54.245Z"
    }
},
{
    "model": "users_app.coachauditlog",
    "pk": 27,
    "fields": {
        "coach": [
            "kayaa3413@gmail.com"
        ],
        "student": null,
        "action": "viewed_roster",
        "timestamp": "2026-05-14T07:46:58.279Z"
    }
},
{
    "model": "users_app.coachauditlog",
    "pk": 28,
    "fields": {
        "coach": [
            "kayaa3413@gmail.com"
        ],
        "student": null,
        "action": "viewed_roster",
        "timestamp": "2026-05-14T07:47:04.277Z"
    }
},
{
    "model": "users_app.coachauditlog",
    "pk": 29,
    "fields": {
        "coach": [
            "kayaa3413@gmail.com"
        ],
        "student": [
            "a@gmail.com"
        ],
        "action": "viewed_snapshot",
        "timestamp": "2026-05-14T07:47:05.511Z"
    }
},
{
    "model": "users_app.coachauditlog",
    "pk": 30,
    "fields": {
        "coach": [
            "kayaa3413@gmail.com"
        ],
        "student": null,
        "action": "viewed_roster",
        "timestamp": "2026-05-14T08:00:59.408Z"
    }
},
{
    "model": "users_app.coachauditlog",
    "pk": 31,
    "fields": {
        "coach": [
            "kayaa3413@gmail.com"
        ],
        "student": null,
        "action": "viewed_roster",
        "timestamp": "2026-05-14T08:01:02.412Z"
    }
},
{
    "model": "users_app.coachauditlog",
    "pk": 32,
    "fields": {
        "coach": [
            "kayaa3413@gmail.com"
        ],
        "student": [
            "a@gmail.com"
        ],
        "action": "viewed_snapshot",
        "timestamp": "2026-05-14T08:01:04.051Z"
    }
},
{
    "model": "users_app.coachauditlog",
    "pk": 33,
    "fields": {
        "coach": [
            "kayaa3413@gmail.com"
        ],
        "student": [
            "a@gmail.com"
        ],
        "action": "viewed_snapshot",
        "timestamp": "2026-05-14T08:01:17.689Z"
    }
},
{
    "model": "users_app.coachauditlog",
    "pk": 34,
    "fields": {
        "coach": [
            "kayaa3413@gmail.com"
        ],
        "student": null,
        "action": "viewed_roster",
        "timestamp": "2026-05-14T08:01:34.769Z"
    }
},
{
    "model": "users_app.coachauditlog",
    "pk": 35,
    "fields": {
        "coach": [
            "kayaa3413@gmail.com"
        ],
        "student": [
            "a@gmail.com"
        ],
        "action": "viewed_snapshot",
        "timestamp": "2026-05-14T08:01:36.342Z"
    }
},
{
    "model": "users_app.coachauditlog",
    "pk": 36,
    "fields": {
        "coach": [
            "kayaa3413@gmail.com"
        ],
        "student": [
            "a@gmail.com"
        ],
        "action": "viewed_snapshot",
        "timestamp": "2026-05-14T08:02:00.542Z"
    }
},
{
    "model": "users_app.coachauditlog",
    "pk": 37,
    "fields": {
        "coach": [
            "kayaa3413@gmail.com"
        ],
        "student": null,
        "action": "viewed_roster",
        "timestamp": "2026-05-14T08:02:30.554Z"
    }
},
{
    "model": "users_app.coachauditlog",
    "pk": 38,
    "fields": {
        "coach": [
            "kayaa3413@gmail.com"
        ],
        "student": null,
        "action": "viewed_roster",
        "timestamp": "2026-05-14T08:02:42.060Z"
    }
},
{
    "model": "users_app.coachauditlog",
    "pk": 39,
    "fields": {
        "coach": [
            "kayaa3413@gmail.com"
        ],
        "student": [
            "a@gmail.com"
        ],
        "action": "viewed_snapshot",
        "timestamp": "2026-05-14T08:02:45.027Z"
    }
},
{
    "model": "users_app.coachauditlog",
    "pk": 40,
    "fields": {
        "coach": [
            "kayaa3413@gmail.com"
        ],
        "student": [
            "a@gmail.com"
        ],
        "action": "viewed_snapshot",
        "timestamp": "2026-05-14T08:03:31.351Z"
    }
},
{
    "model": "users_app.coachauditlog",
    "pk": 41,
    "fields": {
        "coach": [
            "kayaa3413@gmail.com"
        ],
        "student": null,
        "action": "viewed_roster",
        "timestamp": "2026-05-14T08:05:54.539Z"
    }
},
{
    "model": "users_app.coachauditlog",
    "pk": 42,
    "fields": {
        "coach": [
            "kayaa3413@gmail.com"
        ],
        "student": null,
        "action": "viewed_roster",
        "timestamp": "2026-05-14T08:05:55.399Z"
    }
},
{
    "model": "users_app.coachauditlog",
    "pk": 43,
    "fields": {
        "coach": [
            "kayaa3413@gmail.com"
        ],
        "student": [
            "a@gmail.com"
        ],
        "action": "viewed_snapshot",
        "timestamp": "2026-05-14T08:05:56.307Z"
    }
},
{
    "model": "users_app.coachauditlog",
    "pk": 44,
    "fields": {
        "coach": [
            "kayaa3413@gmail.com"
        ],
        "student": null,
        "action": "viewed_roster",
        "timestamp": "2026-05-14T08:06:13.685Z"
    }
},
{
    "model": "users_app.coachauditlog",
    "pk": 45,
    "fields": {
        "coach": [
            "kayaa3413@gmail.com"
        ],
        "student": [
            "a@gmail.com"
        ],
        "action": "viewed_snapshot",
        "timestamp": "2026-05-14T08:06:19.712Z"
    }
},
{
    "model": "users_app.coachauditlog",
    "pk": 46,
    "fields": {
        "coach": [
            "kayaa3413@gmail.com"
        ],
        "student": [
            "a@gmail.com"
        ],
        "action": "added_private_note",
        "timestamp": "2026-05-14T08:06:25.148Z"
    }
},
{
    "model": "users_app.coachauditlog",
    "pk": 47,
    "fields": {
        "coach": [
            "kayaa3413@gmail.com"
        ],
        "student": [
            "a@gmail.com"
        ],
        "action": "viewed_snapshot",
        "timestamp": "2026-05-14T08:06:25.179Z"
    }
},
{
    "model": "users_app.coachauditlog",
    "pk": 48,
    "fields": {
        "coach": [
            "kayaa3413@gmail.com"
        ],
        "student": [
            "a@gmail.com"
        ],
        "action": "viewed_snapshot",
        "timestamp": "2026-05-14T08:07:01.248Z"
    }
},
{
    "model": "users_app.coachauditlog",
    "pk": 49,
    "fields": {
        "coach": [
            "kayaa3413@gmail.com"
        ],
        "student": null,
        "action": "viewed_roster",
        "timestamp": "2026-05-14T08:07:02.278Z"
    }
},
{
    "model": "users_app.coachauditlog",
    "pk": 50,
    "fields": {
        "coach": [
            "kayaa3413@gmail.com"
        ],
        "student": [
            "a@gmail.com"
        ],
        "action": "viewed_snapshot",
        "timestamp": "2026-05-14T08:07:04.641Z"
    }
},
{
    "model": "users_app.coachauditlog",
    "pk": 51,
    "fields": {
        "coach": [
            "kayaa3413@gmail.com"
        ],
        "student": [
            "a@gmail.com"
        ],
        "action": "added_private_note",
        "timestamp": "2026-05-14T08:07:10.414Z"
    }
},
{
    "model": "users_app.coachauditlog",
    "pk": 52,
    "fields": {
        "coach": [
            "kayaa3413@gmail.com"
        ],
        "student": [
            "a@gmail.com"
        ],
        "action": "viewed_snapshot",
        "timestamp": "2026-05-14T08:07:10.449Z"
    }
},
{
    "model": "users_app.coachauditlog",
    "pk": 53,
    "fields": {
        "coach": [
            "kayaa3413@gmail.com"
        ],
        "student": null,
        "action": "viewed_roster",
        "timestamp": "2026-05-14T08:09:17.440Z"
    }
},
{
    "model": "users_app.coachauditlog",
    "pk": 54,
    "fields": {
        "coach": [
            "kayaa3413@gmail.com"
        ],
        "student": [
            "a@gmail.com"
        ],
        "action": "viewed_snapshot",
        "timestamp": "2026-05-14T08:09:19.494Z"
    }
},
{
    "model": "users_app.coachauditlog",
    "pk": 55,
    "fields": {
        "coach": [
            "kayaa3413@gmail.com"
        ],
        "student": null,
        "action": "viewed_roster",
        "timestamp": "2026-05-14T08:12:52.500Z"
    }
},
{
    "model": "users_app.coachauditlog",
    "pk": 56,
    "fields": {
        "coach": [
            "kayaa3413@gmail.com"
        ],
        "student": null,
        "action": "viewed_roster",
        "timestamp": "2026-05-14T08:12:54.970Z"
    }
},
{
    "model": "users_app.coachauditlog",
    "pk": 57,
    "fields": {
        "coach": [
            "kayaa3413@gmail.com"
        ],
        "student": null,
        "action": "viewed_roster",
        "timestamp": "2026-05-14T08:13:30.414Z"
    }
},
{
    "model": "users_app.coachauditlog",
    "pk": 58,
    "fields": {
        "coach": [
            "kayaa3413@gmail.com"
        ],
        "student": null,
        "action": "viewed_roster",
        "timestamp": "2026-05-14T08:13:31.635Z"
    }
},
{
    "model": "users_app.coachauditlog",
    "pk": 59,
    "fields": {
        "coach": [
            "kayaa3413@gmail.com"
        ],
        "student": [
            "a@gmail.com"
        ],
        "action": "viewed_snapshot",
        "timestamp": "2026-05-14T08:13:32.434Z"
    }
},
{
    "model": "users_app.coachauditlog",
    "pk": 60,
    "fields": {
        "coach": [
            "kayaa3413@gmail.com"
        ],
        "student": null,
        "action": "viewed_roster",
        "timestamp": "2026-05-14T08:13:35.249Z"
    }
},
{
    "model": "users_app.coachauditlog",
    "pk": 61,
    "fields": {
        "coach": [
            "kayaa3413@gmail.com"
        ],
        "student": [
            "a@gmail.com"
        ],
        "action": "viewed_snapshot",
        "timestamp": "2026-05-14T08:13:36.475Z"
    }
},
{
    "model": "users_app.coachauditlog",
    "pk": 62,
    "fields": {
        "coach": [
            "kayaa3413@gmail.com"
        ],
        "student": null,
        "action": "viewed_roster",
        "timestamp": "2026-05-14T08:23:12.711Z"
    }
},
{
    "model": "users_app.coachauditlog",
    "pk": 63,
    "fields": {
        "coach": [
            "kayaa3413@gmail.com"
        ],
        "student": [
            "a@gmail.com"
        ],
        "action": "viewed_snapshot",
        "timestamp": "2026-05-14T08:23:14.603Z"
    }
},
{
    "model": "users_app.coachauditlog",
    "pk": 64,
    "fields": {
        "coach": [
            "kayaa3413@gmail.com"
        ],
        "student": null,
        "action": "viewed_roster",
        "timestamp": "2026-05-14T08:23:49.024Z"
    }
},
{
    "model": "users_app.coachauditlog",
    "pk": 65,
    "fields": {
        "coach": [
            "kayaa3413@gmail.com"
        ],
        "student": null,
        "action": "viewed_roster",
        "timestamp": "2026-05-14T08:23:50.502Z"
    }
},
{
    "model": "users_app.coachauditlog",
    "pk": 66,
    "fields": {
        "coach": [
            "kayaa3413@gmail.com"
        ],
        "student": [
            "a@gmail.com"
        ],
        "action": "viewed_snapshot",
        "timestamp": "2026-05-14T08:23:52.545Z"
    }
},
{
    "model": "users_app.coachauditlog",
    "pk": 67,
    "fields": {
        "coach": [
            "kayaa3413@gmail.com"
        ],
        "student": null,
        "action": "viewed_roster",
        "timestamp": "2026-05-14T08:40:45.128Z"
    }
},
{
    "model": "users_app.coachauditlog",
    "pk": 68,
    "fields": {
        "coach": [
            "kayaa3413@gmail.com"
        ],
        "student": null,
        "action": "viewed_roster",
        "timestamp": "2026-05-14T08:40:46.683Z"
    }
},
{
    "model": "users_app.coachauditlog",
    "pk": 69,
    "fields": {
        "coach": [
            "kayaa3413@gmail.com"
        ],
        "student": [
            "a@gmail.com"
        ],
        "action": "viewed_snapshot",
        "timestamp": "2026-05-14T08:40:47.293Z"
    }
},
{
    "model": "users_app.coachauditlog",
    "pk": 70,
    "fields": {
        "coach": [
            "kayaa3413@gmail.com"
        ],
        "student": null,
        "action": "viewed_roster",
        "timestamp": "2026-05-14T08:53:55.443Z"
    }
},
{
    "model": "users_app.coachauditlog",
    "pk": 71,
    "fields": {
        "coach": [
            "kayaa3413@gmail.com"
        ],
        "student": [
            "student_step5@test.com"
        ],
        "action": "viewed_snapshot",
        "timestamp": "2026-05-14T08:53:56.007Z"
    }
},
{
    "model": "users_app.coachauditlog",
    "pk": 72,
    "fields": {
        "coach": [
            "kayaa3413@gmail.com"
        ],
        "student": null,
        "action": "viewed_roster",
        "timestamp": "2026-05-14T08:53:57.224Z"
    }
},
{
    "model": "users_app.coachauditlog",
    "pk": 73,
    "fields": {
        "coach": [
            "kayaa3413@gmail.com"
        ],
        "student": null,
        "action": "viewed_roster",
        "timestamp": "2026-05-14T08:53:58.119Z"
    }
},
{
    "model": "users_app.coachauditlog",
    "pk": 74,
    "fields": {
        "coach": [
            "kayaa3413@gmail.com"
        ],
        "student": null,
        "action": "viewed_roster",
        "timestamp": "2026-05-14T09:01:16.379Z"
    }
},
{
    "model": "users_app.coachauditlog",
    "pk": 75,
    "fields": {
        "coach": [
            "kayaa3413@gmail.com"
        ],
        "student": null,
        "action": "viewed_roster",
        "timestamp": "2026-05-14T09:10:09.442Z"
    }
},
{
    "model": "users_app.coachauditlog",
    "pk": 76,
    "fields": {
        "coach": [
            "kayaa3413@gmail.com"
        ],
        "student": null,
        "action": "viewed_roster",
        "timestamp": "2026-05-14T09:10:10.366Z"
    }
},
{
    "model": "users_app.coachauditlog",
    "pk": 77,
    "fields": {
        "coach": [
            "kayaa3413@gmail.com"
        ],
        "student": null,
        "action": "viewed_roster",
        "timestamp": "2026-05-14T09:10:40.494Z"
    }
},
{
    "model": "users_app.coachauditlog",
    "pk": 78,
    "fields": {
        "coach": [
            "kayaa3413@gmail.com"
        ],
        "student": null,
        "action": "viewed_roster",
        "timestamp": "2026-05-14T09:16:40.318Z"
    }
},
{
    "model": "users_app.coachauditlog",
    "pk": 79,
    "fields": {
        "coach": [
            "kayaa3413@gmail.com"
        ],
        "student": null,
        "action": "viewed_roster",
        "timestamp": "2026-05-14T09:17:36.493Z"
    }
},
{
    "model": "users_app.coachauditlog",
    "pk": 80,
    "fields": {
        "coach": [
            "kayaa3413@gmail.com"
        ],
        "student": null,
        "action": "viewed_roster",
        "timestamp": "2026-05-14T09:17:38.572Z"
    }
},
{
    "model": "users_app.coachauditlog",
    "pk": 81,
    "fields": {
        "coach": [
            "kayaa3413@gmail.com"
        ],
        "student": null,
        "action": "viewed_roster",
        "timestamp": "2026-05-14T20:48:30.419Z"
    }
},
{
    "model": "users_app.coachauditlog",
    "pk": 82,
    "fields": {
        "coach": [
            "kayaa3413@gmail.com"
        ],
        "student": [
            "a@gmail.com"
        ],
        "action": "viewed_snapshot",
        "timestamp": "2026-05-14T20:48:32.494Z"
    }
},
{
    "model": "users_app.coachauditlog",
    "pk": 83,
    "fields": {
        "coach": [
            "kayaa3413@gmail.com"
        ],
        "student": null,
        "action": "viewed_roster",
        "timestamp": "2026-05-14T20:49:38.568Z"
    }
},
{
    "model": "users_app.coachauditlog",
    "pk": 84,
    "fields": {
        "coach": [
            "kayaa3413@gmail.com"
        ],
        "student": [
            "a@gmail.com"
        ],
        "action": "viewed_snapshot",
        "timestamp": "2026-05-14T20:49:39.709Z"
    }
},
{
    "model": "users_app.coachauditlog",
    "pk": 85,
    "fields": {
        "coach": [
            "kayaa3413@gmail.com"
        ],
        "student": null,
        "action": "viewed_roster",
        "timestamp": "2026-05-14T20:53:16.138Z"
    }
},
{
    "model": "users_app.coachauditlog",
    "pk": 86,
    "fields": {
        "coach": [
            "kayaa3413@gmail.com"
        ],
        "student": null,
        "action": "viewed_roster",
        "timestamp": "2026-05-14T20:53:22.875Z"
    }
},
{
    "model": "users_app.coachauditlog",
    "pk": 87,
    "fields": {
        "coach": [
            "kayaa3413@gmail.com"
        ],
        "student": null,
        "action": "viewed_roster",
        "timestamp": "2026-05-15T06:07:23.821Z"
    }
},
{
    "model": "users_app.coachauditlog",
    "pk": 88,
    "fields": {
        "coach": [
            "kayaa3413@gmail.com"
        ],
        "student": null,
        "action": "viewed_roster",
        "timestamp": "2026-05-15T06:07:29.563Z"
    }
},
{
    "model": "users_app.coachauditlog",
    "pk": 89,
    "fields": {
        "coach": [
            "kayaa3413@gmail.com"
        ],
        "student": null,
        "action": "viewed_roster",
        "timestamp": "2026-05-15T07:32:24.447Z"
    }
},
{
    "model": "users_app.coachauditlog",
    "pk": 90,
    "fields": {
        "coach": [
            "kayaa3413@gmail.com"
        ],
        "student": null,
        "action": "viewed_roster",
        "timestamp": "2026-05-15T07:32:25.502Z"
    }
},
{
    "model": "users_app.coachauditlog",
    "pk": 91,
    "fields": {
        "coach": [
            "kayaa3413@gmail.com"
        ],
        "student": [
            "a@gmail.com"
        ],
        "action": "viewed_snapshot",
        "timestamp": "2026-05-15T07:32:26.507Z"
    }
},
{
    "model": "users_app.coachauditlog",
    "pk": 92,
    "fields": {
        "coach": [
            "kayaa3413@gmail.com"
        ],
        "student": null,
        "action": "viewed_roster",
        "timestamp": "2026-05-16T07:12:12.123Z"
    }
},
{
    "model": "users_app.coachauditlog",
    "pk": 93,
    "fields": {
        "coach": [
            "kayaa3413@gmail.com"
        ],
        "student": [
            "student_step5@test.com"
        ],
        "action": "viewed_snapshot",
        "timestamp": "2026-05-16T07:12:16.317Z"
    }
},
{
    "model": "users_app.coachauditlog",
    "pk": 94,
    "fields": {
        "coach": [
            "kayaa3413@gmail.com"
        ],
        "student": null,
        "action": "viewed_roster",
        "timestamp": "2026-05-16T07:18:30.489Z"
    }
},
{
    "model": "users_app.coachauditlog",
    "pk": 95,
    "fields": {
        "coach": [
            "kayaa3413@gmail.com"
        ],
        "student": [
            "a@gmail.com"
        ],
        "action": "viewed_snapshot",
        "timestamp": "2026-05-16T07:18:33.409Z"
    }
},
{
    "model": "users_app.coachauditlog",
    "pk": 96,
    "fields": {
        "coach": [
            "kayaa3413@gmail.com"
        ],
        "student": null,
        "action": "viewed_roster",
        "timestamp": "2026-05-16T07:18:37.876Z"
    }
},
{
    "model": "users_app.coachauditlog",
    "pk": 97,
    "fields": {
        "coach": [
            "kayaa3413@gmail.com"
        ],
        "student": null,
        "action": "viewed_roster",
        "timestamp": "2026-05-16T07:21:51.215Z"
    }
},
{
    "model": "users_app.coachauditlog",
    "pk": 98,
    "fields": {
        "coach": [
            "kayaa3413@gmail.com"
        ],
        "student": [
            "a@gmail.com"
        ],
        "action": "viewed_snapshot",
        "timestamp": "2026-05-16T07:21:55.187Z"
    }
},
{
    "model": "users_app.coachauditlog",
    "pk": 99,
    "fields": {
        "coach": [
            "kayaa3413@gmail.com"
        ],
        "student": null,
        "action": "viewed_roster",
        "timestamp": "2026-05-16T07:22:04.689Z"
    }
},
{
    "model": "users_app.coachauditlog",
    "pk": 100,
    "fields": {
        "coach": [
            "kayaa3413@gmail.com"
        ],
        "student": null,
        "action": "viewed_roster",
        "timestamp": "2026-05-16T07:22:25.631Z"
    }
},
{
    "model": "users_app.coachauditlog",
    "pk": 101,
    "fields": {
        "coach": [
            "kayaa3413@gmail.com"
        ],
        "student": [
            "a@gmail.com"
        ],
        "action": "viewed_snapshot",
        "timestamp": "2026-05-16T07:28:24.693Z"
    }
},
{
    "model": "users_app.coachauditlog",
    "pk": 102,
    "fields": {
        "coach": [
            "kayaa3413@gmail.com"
        ],
        "student": null,
        "action": "viewed_roster",
        "timestamp": "2026-05-16T09:41:56.189Z"
    }
},
{
    "model": "users_app.coachauditlog",
    "pk": 103,
    "fields": {
        "coach": [
            "kayaa3413@gmail.com"
        ],
        "student": [
            "a@gmail.com"
        ],
        "action": "viewed_snapshot",
        "timestamp": "2026-05-16T09:41:59.149Z"
    }
},
{
    "model": "users_app.coachauditlog",
    "pk": 104,
    "fields": {
        "coach": [
            "kayaa3413@gmail.com"
        ],
        "student": null,
        "action": "viewed_roster",
        "timestamp": "2026-05-16T09:42:04.251Z"
    }
},
{
    "model": "users_app.coachauditlog",
    "pk": 105,
    "fields": {
        "coach": [
            "kayaa3413@gmail.com"
        ],
        "student": null,
        "action": "viewed_roster",
        "timestamp": "2026-05-16T09:42:09.114Z"
    }
},
{
    "model": "users_app.coachauditlog",
    "pk": 106,
    "fields": {
        "coach": [
            "kayaa3413@gmail.com"
        ],
        "student": null,
        "action": "viewed_roster",
        "timestamp": "2026-05-16T09:42:11.245Z"
    }
},
{
    "model": "users_app.coachauditlog",
    "pk": 107,
    "fields": {
        "coach": [
            "kayaa3413@gmail.com"
        ],
        "student": null,
        "action": "viewed_roster",
        "timestamp": "2026-05-16T09:42:34.248Z"
    }
},
{
    "model": "users_app.coachauditlog",
    "pk": 108,
    "fields": {
        "coach": [
            "kayaa3413@gmail.com"
        ],
        "student": [
            "a@gmail.com"
        ],
        "action": "viewed_snapshot",
        "timestamp": "2026-05-16T09:42:42.292Z"
    }
},
{
    "model": "users_app.coachauditlog",
    "pk": 109,
    "fields": {
        "coach": [
            "kayaa3413@gmail.com"
        ],
        "student": null,
        "action": "viewed_roster",
        "timestamp": "2026-05-16T09:42:48.159Z"
    }
},
{
    "model": "users_app.coachauditlog",
    "pk": 110,
    "fields": {
        "coach": [
            "kayaa3413@gmail.com"
        ],
        "student": null,
        "action": "viewed_roster",
        "timestamp": "2026-05-16T09:45:05.352Z"
    }
},
{
    "model": "users_app.coachauditlog",
    "pk": 111,
    "fields": {
        "coach": [
            "kayaa3413@gmail.com"
        ],
        "student": [
            "a@gmail.com"
        ],
        "action": "viewed_snapshot",
        "timestamp": "2026-05-16T09:45:07.464Z"
    }
},
{
    "model": "users_app.coachauditlog",
    "pk": 112,
    "fields": {
        "coach": [
            "kayaa3413@gmail.com"
        ],
        "student": null,
        "action": "viewed_roster",
        "timestamp": "2026-05-16T09:46:21.357Z"
    }
},
{
    "model": "users_app.coachauditlog",
    "pk": 113,
    "fields": {
        "coach": [
            "kayaa3413@gmail.com"
        ],
        "student": [
            "a@gmail.com"
        ],
        "action": "viewed_snapshot",
        "timestamp": "2026-05-16T09:46:24.131Z"
    }
},
{
    "model": "users_app.coachauditlog",
    "pk": 114,
    "fields": {
        "coach": [
            "kayaa3413@gmail.com"
        ],
        "student": null,
        "action": "viewed_roster",
        "timestamp": "2026-05-16T09:46:31.465Z"
    }
},
{
    "model": "users_app.coachauditlog",
    "pk": 115,
    "fields": {
        "coach": [
            "kayaa3413@gmail.com"
        ],
        "student": [
            "a@gmail.com"
        ],
        "action": "viewed_snapshot",
        "timestamp": "2026-05-16T09:46:33.027Z"
    }
},
{
    "model": "users_app.coachauditlog",
    "pk": 116,
    "fields": {
        "coach": [
            "kayaa3413@gmail.com"
        ],
        "student": null,
        "action": "viewed_roster",
        "timestamp": "2026-05-16T09:46:38.816Z"
    }
},
{
    "model": "users_app.coachauditlog",
    "pk": 117,
    "fields": {
        "coach": [
            "kayaa3413@gmail.com"
        ],
        "student": null,
        "action": "viewed_roster",
        "timestamp": "2026-05-16T09:46:45.352Z"
    }
},
{
    "model": "users_app.coachauditlog",
    "pk": 118,
    "fields": {
        "coach": [
            "kayaa3413@gmail.com"
        ],
        "student": [
            "a@gmail.com"
        ],
        "action": "viewed_snapshot",
        "timestamp": "2026-05-16T09:46:47.330Z"
    }
},
{
    "model": "users_app.coachauditlog",
    "pk": 119,
    "fields": {
        "coach": [
            "kayaa3413@gmail.com"
        ],
        "student": null,
        "action": "viewed_roster",
        "timestamp": "2026-05-16T09:46:52.704Z"
    }
},
{
    "model": "users_app.coachauditlog",
    "pk": 120,
    "fields": {
        "coach": [
            "kayaa3413@gmail.com"
        ],
        "student": [
            "a@gmail.com"
        ],
        "action": "viewed_snapshot",
        "timestamp": "2026-05-16T09:48:05.028Z"
    }
},
{
    "model": "users_app.coachauditlog",
    "pk": 121,
    "fields": {
        "coach": [
            "kayaa3413@gmail.com"
        ],
        "student": null,
        "action": "viewed_roster",
        "timestamp": "2026-05-16T09:48:09.464Z"
    }
},
{
    "model": "users_app.coachauditlog",
    "pk": 122,
    "fields": {
        "coach": [
            "kayaa3413@gmail.com"
        ],
        "student": null,
        "action": "viewed_roster",
        "timestamp": "2026-05-16T09:49:42.324Z"
    }
},
{
    "model": "users_app.coachauditlog",
    "pk": 123,
    "fields": {
        "coach": [
            "kayaa3413@gmail.com"
        ],
        "student": [
            "a@gmail.com"
        ],
        "action": "viewed_snapshot",
        "timestamp": "2026-05-16T09:49:45.560Z"
    }
},
{
    "model": "users_app.coachauditlog",
    "pk": 124,
    "fields": {
        "coach": [
            "kayaa3413@gmail.com"
        ],
        "student": null,
        "action": "viewed_roster",
        "timestamp": "2026-05-16T09:49:47.913Z"
    }
},
{
    "model": "users_app.coachauditlog",
    "pk": 125,
    "fields": {
        "coach": [
            "kayaa3413@gmail.com"
        ],
        "student": null,
        "action": "viewed_roster",
        "timestamp": "2026-05-16T09:50:02.212Z"
    }
},
{
    "model": "users_app.coachauditlog",
    "pk": 126,
    "fields": {
        "coach": [
            "kayaa3413@gmail.com"
        ],
        "student": null,
        "action": "viewed_roster",
        "timestamp": "2026-05-16T09:50:06.704Z"
    }
},
{
    "model": "users_app.coachauditlog",
    "pk": 127,
    "fields": {
        "coach": [
            "kayaa3413@gmail.com"
        ],
        "student": null,
        "action": "viewed_roster",
        "timestamp": "2026-05-16T09:51:35.474Z"
    }
},
{
    "model": "users_app.coachauditlog",
    "pk": 128,
    "fields": {
        "coach": [
            "kayaa3413@gmail.com"
        ],
        "student": [
            "a@gmail.com"
        ],
        "action": "viewed_snapshot",
        "timestamp": "2026-05-16T09:51:39.258Z"
    }
},
{
    "model": "users_app.coachauditlog",
    "pk": 129,
    "fields": {
        "coach": [
            "kayaa3413@gmail.com"
        ],
        "student": null,
        "action": "viewed_roster",
        "timestamp": "2026-05-16T09:51:54.338Z"
    }
},
{
    "model": "users_app.coachauditlog",
    "pk": 130,
    "fields": {
        "coach": [
            "kayaa3413@gmail.com"
        ],
        "student": null,
        "action": "viewed_roster",
        "timestamp": "2026-05-16T09:56:08.173Z"
    }
},
{
    "model": "users_app.coachauditlog",
    "pk": 131,
    "fields": {
        "coach": [
            "kayaa3413@gmail.com"
        ],
        "student": null,
        "action": "viewed_roster",
        "timestamp": "2026-05-16T09:56:16.455Z"
    }
},
{
    "model": "users_app.coachauditlog",
    "pk": 132,
    "fields": {
        "coach": [
            "kayaa3413@gmail.com"
        ],
        "student": null,
        "action": "viewed_roster",
        "timestamp": "2026-05-16T09:58:46.196Z"
    }
},
{
    "model": "users_app.coachauditlog",
    "pk": 133,
    "fields": {
        "coach": [
            "kayaa3413@gmail.com"
        ],
        "student": null,
        "action": "viewed_roster",
        "timestamp": "2026-05-16T10:09:10.442Z"
    }
},
{
    "model": "users_app.coachauditlog",
    "pk": 134,
    "fields": {
        "coach": [
            "kayaa3413@gmail.com"
        ],
        "student": null,
        "action": "viewed_roster",
        "timestamp": "2026-05-16T10:09:11.833Z"
    }
},
{
    "model": "users_app.coachauditlog",
    "pk": 135,
    "fields": {
        "coach": [
            "kayaa3413@gmail.com"
        ],
        "student": [
            "a@gmail.com"
        ],
        "action": "viewed_snapshot",
        "timestamp": "2026-05-16T10:09:15.514Z"
    }
},
{
    "model": "users_app.coachauditlog",
    "pk": 136,
    "fields": {
        "coach": [
            "kayaa3413@gmail.com"
        ],
        "student": null,
        "action": "viewed_roster",
        "timestamp": "2026-05-16T10:09:19.382Z"
    }
},
{
    "model": "users_app.coachauditlog",
    "pk": 137,
    "fields": {
        "coach": [
            "kayaa3413@gmail.com"
        ],
        "student": null,
        "action": "viewed_roster",
        "timestamp": "2026-05-16T10:09:20.284Z"
    }
},
{
    "model": "users_app.coachauditlog",
    "pk": 138,
    "fields": {
        "coach": [
            "kayaa3413@gmail.com"
        ],
        "student": null,
        "action": "viewed_roster",
        "timestamp": "2026-05-16T10:09:32.319Z"
    }
},
{
    "model": "users_app.coachauditlog",
    "pk": 139,
    "fields": {
        "coach": [
            "kayaa3413@gmail.com"
        ],
        "student": [
            "a@gmail.com"
        ],
        "action": "viewed_snapshot",
        "timestamp": "2026-05-16T10:09:34.751Z"
    }
},
{
    "model": "users_app.coachauditlog",
    "pk": 140,
    "fields": {
        "coach": [
            "kayaa3413@gmail.com"
        ],
        "student": [
            "a@gmail.com"
        ],
        "action": "viewed_snapshot",
        "timestamp": "2026-05-16T10:10:35.823Z"
    }
},
{
    "model": "users_app.coachauditlog",
    "pk": 141,
    "fields": {
        "coach": [
            "kayaa3413@gmail.com"
        ],
        "student": null,
        "action": "viewed_roster",
        "timestamp": "2026-05-16T10:10:42.928Z"
    }
},
{
    "model": "users_app.coachauditlog",
    "pk": 142,
    "fields": {
        "coach": [
            "kayaa3413@gmail.com"
        ],
        "student": null,
        "action": "viewed_roster",
        "timestamp": "2026-05-16T11:00:45.500Z"
    }
},
{
    "model": "users_app.coachauditlog",
    "pk": 143,
    "fields": {
        "coach": [
            "kayaa3413@gmail.com"
        ],
        "student": [
            "a@gmail.com"
        ],
        "action": "viewed_snapshot",
        "timestamp": "2026-05-16T11:00:48.174Z"
    }
},
{
    "model": "users_app.coachauditlog",
    "pk": 144,
    "fields": {
        "coach": [
            "kayaa3413@gmail.com"
        ],
        "student": null,
        "action": "viewed_roster",
        "timestamp": "2026-05-16T11:01:09.031Z"
    }
},
{
    "model": "users_app.coachauditlog",
    "pk": 145,
    "fields": {
        "coach": [
            "kayaa3413@gmail.com"
        ],
        "student": null,
        "action": "viewed_roster",
        "timestamp": "2026-05-16T11:01:31.949Z"
    }
},
{
    "model": "users_app.coachauditlog",
    "pk": 146,
    "fields": {
        "coach": [
            "kayaa3413@gmail.com"
        ],
        "student": null,
        "action": "viewed_roster",
        "timestamp": "2026-05-16T11:01:33.342Z"
    }
},
{
    "model": "users_app.coachauditlog",
    "pk": 147,
    "fields": {
        "coach": [
            "kayaa3413@gmail.com"
        ],
        "student": [
            "a@gmail.com"
        ],
        "action": "viewed_snapshot",
        "timestamp": "2026-05-16T11:01:33.980Z"
    }
},
{
    "model": "users_app.coachauditlog",
    "pk": 148,
    "fields": {
        "coach": [
            "kayaa3413@gmail.com"
        ],
        "student": null,
        "action": "viewed_roster",
        "timestamp": "2026-05-16T11:01:36.638Z"
    }
},
{
    "model": "users_app.coachauditlog",
    "pk": 149,
    "fields": {
        "coach": [
            "kayaa3413@gmail.com"
        ],
        "student": null,
        "action": "viewed_roster",
        "timestamp": "2026-05-16T19:45:12.221Z"
    }
},
{
    "model": "users_app.coachauditlog",
    "pk": 150,
    "fields": {
        "coach": [
            "kayaa3413@gmail.com"
        ],
        "student": null,
        "action": "viewed_roster",
        "timestamp": "2026-05-16T19:45:30.488Z"
    }
},
{
    "model": "users_app.coachauditlog",
    "pk": 151,
    "fields": {
        "coach": [
            "kayaa3413@gmail.com"
        ],
        "student": [
            "a@gmail.com"
        ],
        "action": "viewed_snapshot",
        "timestamp": "2026-05-16T19:45:32.717Z"
    }
},
{
    "model": "users_app.coachauditlog",
    "pk": 152,
    "fields": {
        "coach": [
            "kayaa3413@gmail.com"
        ],
        "student": [
            "a@gmail.com"
        ],
        "action": "viewed_snapshot",
        "timestamp": "2026-05-16T19:45:38.446Z"
    }
},
{
    "model": "users_app.coachauditlog",
    "pk": 153,
    "fields": {
        "coach": [
            "kayaa3413@gmail.com"
        ],
        "student": null,
        "action": "viewed_roster",
        "timestamp": "2026-05-16T19:47:30.210Z"
    }
},
{
    "model": "users_app.coachauditlog",
    "pk": 154,
    "fields": {
        "coach": [
            "kayaa3413@gmail.com"
        ],
        "student": null,
        "action": "viewed_roster",
        "timestamp": "2026-05-16T19:59:03.592Z"
    }
},
{
    "model": "users_app.coachauditlog",
    "pk": 155,
    "fields": {
        "coach": [
            "kayaa3413@gmail.com"
        ],
        "student": [
            "a@gmail.com"
        ],
        "action": "viewed_snapshot",
        "timestamp": "2026-05-16T19:59:05.567Z"
    }
},
{
    "model": "users_app.coachauditlog",
    "pk": 156,
    "fields": {
        "coach": [
            "kayaa3413@gmail.com"
        ],
        "student": null,
        "action": "viewed_roster",
        "timestamp": "2026-05-16T19:59:33.373Z"
    }
},
{
    "model": "users_app.coachauditlog",
    "pk": 157,
    "fields": {
        "coach": [
            "kayaa3413@gmail.com"
        ],
        "student": null,
        "action": "viewed_roster",
        "timestamp": "2026-05-16T19:59:39.877Z"
    }
},
{
    "model": "users_app.coachauditlog",
    "pk": 158,
    "fields": {
        "coach": [
            "kayaa3413@gmail.com"
        ],
        "student": null,
        "action": "viewed_roster",
        "timestamp": "2026-05-16T20:11:07.256Z"
    }
},
{
    "model": "users_app.coachauditlog",
    "pk": 159,
    "fields": {
        "coach": [
            "kayaa3413@gmail.com"
        ],
        "student": null,
        "action": "viewed_roster",
        "timestamp": "2026-05-16T20:11:08.444Z"
    }
},
{
    "model": "users_app.coachauditlog",
    "pk": 160,
    "fields": {
        "coach": [
            "kayaa3413@gmail.com"
        ],
        "student": null,
        "action": "viewed_roster",
        "timestamp": "2026-05-16T20:11:11.847Z"
    }
},
{
    "model": "users_app.coachauditlog",
    "pk": 161,
    "fields": {
        "coach": [
            "kayaa3413@gmail.com"
        ],
        "student": null,
        "action": "viewed_roster",
        "timestamp": "2026-05-16T20:11:13.108Z"
    }
},
{
    "model": "users_app.coachauditlog",
    "pk": 162,
    "fields": {
        "coach": [
            "kayaa3413@gmail.com"
        ],
        "student": null,
        "action": "viewed_roster",
        "timestamp": "2026-05-16T20:11:24.008Z"
    }
},
{
    "model": "users_app.coachauditlog",
    "pk": 163,
    "fields": {
        "coach": [
            "kayaa3413@gmail.com"
        ],
        "student": [
            "a@gmail.com"
        ],
        "action": "viewed_snapshot",
        "timestamp": "2026-05-16T20:11:25.730Z"
    }
},
{
    "model": "users_app.coachauditlog",
    "pk": 164,
    "fields": {
        "coach": [
            "kayaa3413@gmail.com"
        ],
        "student": null,
        "action": "viewed_roster",
        "timestamp": "2026-05-16T20:11:28.450Z"
    }
},
{
    "model": "users_app.coachauditlog",
    "pk": 165,
    "fields": {
        "coach": [
            "kayaa3413@gmail.com"
        ],
        "student": null,
        "action": "viewed_roster",
        "timestamp": "2026-05-16T20:11:34.448Z"
    }
},
{
    "model": "users_app.coachauditlog",
    "pk": 166,
    "fields": {
        "coach": [
            "kayaa3413@gmail.com"
        ],
        "student": null,
        "action": "viewed_roster",
        "timestamp": "2026-05-16T20:41:06.713Z"
    }
},
{
    "model": "users_app.coachauditlog",
    "pk": 167,
    "fields": {
        "coach": [
            "kayaa3413@gmail.com"
        ],
        "student": null,
        "action": "viewed_roster",
        "timestamp": "2026-05-16T20:46:48.555Z"
    }
},
{
    "model": "users_app.coachauditlog",
    "pk": 168,
    "fields": {
        "coach": [
            "kayaa3413@gmail.com"
        ],
        "student": null,
        "action": "viewed_roster",
        "timestamp": "2026-05-16T20:48:02.233Z"
    }
},
{
    "model": "users_app.coachauditlog",
    "pk": 169,
    "fields": {
        "coach": [
            "kayaa3413@gmail.com"
        ],
        "student": [
            "a@gmail.com"
        ],
        "action": "viewed_snapshot",
        "timestamp": "2026-05-16T20:48:03.358Z"
    }
},
{
    "model": "users_app.coachauditlog",
    "pk": 170,
    "fields": {
        "coach": [
            "kayaa3413@gmail.com"
        ],
        "student": null,
        "action": "viewed_roster",
        "timestamp": "2026-05-16T20:48:59.135Z"
    }
},
{
    "model": "users_app.coachauditlog",
    "pk": 171,
    "fields": {
        "coach": [
            "kayaa3413@gmail.com"
        ],
        "student": [
            "a@gmail.com"
        ],
        "action": "viewed_snapshot",
        "timestamp": "2026-05-16T20:49:00.791Z"
    }
},
{
    "model": "users_app.coachauditlog",
    "pk": 172,
    "fields": {
        "coach": [
            "kayaa3413@gmail.com"
        ],
        "student": null,
        "action": "viewed_roster",
        "timestamp": "2026-05-16T20:49:08.120Z"
    }
},
{
    "model": "users_app.coachauditlog",
    "pk": 173,
    "fields": {
        "coach": [
            "kayaa3413@gmail.com"
        ],
        "student": [
            "a@gmail.com"
        ],
        "action": "viewed_snapshot",
        "timestamp": "2026-05-16T20:49:09.797Z"
    }
},
{
    "model": "users_app.coachauditlog",
    "pk": 174,
    "fields": {
        "coach": [
            "kayaa3413@gmail.com"
        ],
        "student": null,
        "action": "viewed_roster",
        "timestamp": "2026-05-16T20:49:21.624Z"
    }
},
{
    "model": "users_app.coachauditlog",
    "pk": 175,
    "fields": {
        "coach": [
            "kayaa3413@gmail.com"
        ],
        "student": [
            "a@gmail.com"
        ],
        "action": "viewed_snapshot",
        "timestamp": "2026-05-16T20:49:23.324Z"
    }
},
{
    "model": "users_app.coachauditlog",
    "pk": 176,
    "fields": {
        "coach": [
            "kayaa3413@gmail.com"
        ],
        "student": null,
        "action": "viewed_roster",
        "timestamp": "2026-05-16T20:49:44.780Z"
    }
},
{
    "model": "users_app.coachauditlog",
    "pk": 177,
    "fields": {
        "coach": [
            "kayaa3413@gmail.com"
        ],
        "student": [
            "a@gmail.com"
        ],
        "action": "viewed_snapshot",
        "timestamp": "2026-05-16T20:49:46.118Z"
    }
},
{
    "model": "users_app.coachauditlog",
    "pk": 178,
    "fields": {
        "coach": [
            "kayaa3413@gmail.com"
        ],
        "student": null,
        "action": "viewed_roster",
        "timestamp": "2026-05-16T20:50:15.948Z"
    }
},
{
    "model": "users_app.coachauditlog",
    "pk": 179,
    "fields": {
        "coach": [
            "kayaa3413@gmail.com"
        ],
        "student": [
            "a@gmail.com"
        ],
        "action": "viewed_snapshot",
        "timestamp": "2026-05-16T20:50:17.975Z"
    }
},
{
    "model": "users_app.coachauditlog",
    "pk": 180,
    "fields": {
        "coach": [
            "kayaa3413@gmail.com"
        ],
        "student": null,
        "action": "viewed_roster",
        "timestamp": "2026-05-16T20:50:37.419Z"
    }
},
{
    "model": "users_app.coachauditlog",
    "pk": 181,
    "fields": {
        "coach": [
            "kayaa3413@gmail.com"
        ],
        "student": [
            "a@gmail.com"
        ],
        "action": "viewed_snapshot",
        "timestamp": "2026-05-16T20:50:40.659Z"
    }
},
{
    "model": "users_app.coachauditlog",
    "pk": 182,
    "fields": {
        "coach": [
            "kayaa3413@gmail.com"
        ],
        "student": null,
        "action": "viewed_roster",
        "timestamp": "2026-05-16T20:50:43.590Z"
    }
},
{
    "model": "users_app.coachauditlog",
    "pk": 183,
    "fields": {
        "coach": [
            "kayaa3413@gmail.com"
        ],
        "student": null,
        "action": "viewed_roster",
        "timestamp": "2026-05-16T20:50:46.622Z"
    }
},
{
    "model": "users_app.coachauditlog",
    "pk": 184,
    "fields": {
        "coach": [
            "kayaa3413@gmail.com"
        ],
        "student": [
            "a@gmail.com"
        ],
        "action": "viewed_snapshot",
        "timestamp": "2026-05-16T20:50:47.809Z"
    }
},
{
    "model": "users_app.coachauditlog",
    "pk": 185,
    "fields": {
        "coach": [
            "kayaa3413@gmail.com"
        ],
        "student": null,
        "action": "viewed_roster",
        "timestamp": "2026-05-16T20:52:00.366Z"
    }
},
{
    "model": "users_app.coachauditlog",
    "pk": 186,
    "fields": {
        "coach": [
            "kayaa3413@gmail.com"
        ],
        "student": [
            "a@gmail.com"
        ],
        "action": "viewed_snapshot",
        "timestamp": "2026-05-16T20:52:01.730Z"
    }
},
{
    "model": "users_app.coachauditlog",
    "pk": 187,
    "fields": {
        "coach": [
            "kayaa3413@gmail.com"
        ],
        "student": null,
        "action": "viewed_roster",
        "timestamp": "2026-05-16T20:55:34.057Z"
    }
},
{
    "model": "users_app.coachauditlog",
    "pk": 188,
    "fields": {
        "coach": [
            "kayaa3413@gmail.com"
        ],
        "student": [
            "a@gmail.com"
        ],
        "action": "viewed_snapshot",
        "timestamp": "2026-05-16T20:55:35.452Z"
    }
},
{
    "model": "users_app.coachauditlog",
    "pk": 189,
    "fields": {
        "coach": [
            "kayaa3413@gmail.com"
        ],
        "student": null,
        "action": "viewed_roster",
        "timestamp": "2026-05-16T20:56:24.018Z"
    }
},
{
    "model": "users_app.coachauditlog",
    "pk": 190,
    "fields": {
        "coach": [
            "kayaa3413@gmail.com"
        ],
        "student": null,
        "action": "viewed_roster",
        "timestamp": "2026-05-16T20:57:29.988Z"
    }
},
{
    "model": "users_app.coachauditlog",
    "pk": 191,
    "fields": {
        "coach": [
            "kayaa3413@gmail.com"
        ],
        "student": [
            "a@gmail.com"
        ],
        "action": "viewed_snapshot",
        "timestamp": "2026-05-16T20:57:32.197Z"
    }
},
{
    "model": "users_app.coachauditlog",
    "pk": 192,
    "fields": {
        "coach": [
            "kayaa3413@gmail.com"
        ],
        "student": null,
        "action": "viewed_roster",
        "timestamp": "2026-05-16T21:05:35.880Z"
    }
},
{
    "model": "users_app.coachauditlog",
    "pk": 193,
    "fields": {
        "coach": [
            "kayaa3413@gmail.com"
        ],
        "student": [
            "a@gmail.com"
        ],
        "action": "viewed_snapshot",
        "timestamp": "2026-05-16T21:05:38.141Z"
    }
},
{
    "model": "users_app.coachauditlog",
    "pk": 194,
    "fields": {
        "coach": [
            "kayaa3413@gmail.com"
        ],
        "student": [
            "a@gmail.com"
        ],
        "action": "viewed_snapshot",
        "timestamp": "2026-05-16T21:05:56.040Z"
    }
},
{
    "model": "users_app.coachauditlog",
    "pk": 195,
    "fields": {
        "coach": [
            "kayaa3413@gmail.com"
        ],
        "student": null,
        "action": "viewed_roster",
        "timestamp": "2026-05-16T21:06:01.943Z"
    }
},
{
    "model": "users_app.coachauditlog",
    "pk": 196,
    "fields": {
        "coach": [
            "kayaa3413@gmail.com"
        ],
        "student": [
            "a@gmail.com"
        ],
        "action": "viewed_snapshot",
        "timestamp": "2026-05-16T21:06:03.788Z"
    }
},
{
    "model": "users_app.coachauditlog",
    "pk": 197,
    "fields": {
        "coach": [
            "kayaa3413@gmail.com"
        ],
        "student": null,
        "action": "viewed_roster",
        "timestamp": "2026-05-16T21:06:05.688Z"
    }
},
{
    "model": "users_app.coachauditlog",
    "pk": 198,
    "fields": {
        "coach": [
            "kayaa3413@gmail.com"
        ],
        "student": [
            "a@gmail.com"
        ],
        "action": "viewed_snapshot",
        "timestamp": "2026-05-16T21:06:10.206Z"
    }
},
{
    "model": "users_app.coachauditlog",
    "pk": 199,
    "fields": {
        "coach": [
            "kayaa3413@gmail.com"
        ],
        "student": null,
        "action": "viewed_roster",
        "timestamp": "2026-05-16T21:07:29.452Z"
    }
},
{
    "model": "users_app.coachauditlog",
    "pk": 200,
    "fields": {
        "coach": [
            "kayaa3413@gmail.com"
        ],
        "student": [
            "a@gmail.com"
        ],
        "action": "viewed_snapshot",
        "timestamp": "2026-05-16T21:11:57.604Z"
    }
},
{
    "model": "users_app.coachauditlog",
    "pk": 201,
    "fields": {
        "coach": [
            "kayaa3413@gmail.com"
        ],
        "student": [
            "a@gmail.com"
        ],
        "action": "viewed_snapshot",
        "timestamp": "2026-05-16T21:12:05.557Z"
    }
},
{
    "model": "users_app.coachauditlog",
    "pk": 202,
    "fields": {
        "coach": [
            "kayaa3413@gmail.com"
        ],
        "student": null,
        "action": "viewed_roster",
        "timestamp": "2026-05-16T21:13:13.639Z"
    }
},
{
    "model": "users_app.coachauditlog",
    "pk": 203,
    "fields": {
        "coach": [
            "kayaa3413@gmail.com"
        ],
        "student": [
            "a@gmail.com"
        ],
        "action": "viewed_snapshot",
        "timestamp": "2026-05-16T21:13:14.943Z"
    }
},
{
    "model": "users_app.coachauditlog",
    "pk": 204,
    "fields": {
        "coach": [
            "kayaa3413@gmail.com"
        ],
        "student": null,
        "action": "viewed_roster",
        "timestamp": "2026-05-16T21:13:44.967Z"
    }
},
{
    "model": "users_app.coachauditlog",
    "pk": 205,
    "fields": {
        "coach": [
            "kayaa3413@gmail.com"
        ],
        "student": [
            "a@gmail.com"
        ],
        "action": "viewed_snapshot",
        "timestamp": "2026-05-16T21:13:50.085Z"
    }
},
{
    "model": "users_app.coachauditlog",
    "pk": 206,
    "fields": {
        "coach": [
            "kayaa3413@gmail.com"
        ],
        "student": [
            "a@gmail.com"
        ],
        "action": "viewed_snapshot",
        "timestamp": "2026-05-16T21:20:46.603Z"
    }
},
{
    "model": "users_app.coachauditlog",
    "pk": 207,
    "fields": {
        "coach": [
            "kayaa3413@gmail.com"
        ],
        "student": null,
        "action": "viewed_roster",
        "timestamp": "2026-05-16T21:21:56.813Z"
    }
},
{
    "model": "users_app.coachauditlog",
    "pk": 208,
    "fields": {
        "coach": [
            "kayaa3413@gmail.com"
        ],
        "student": null,
        "action": "viewed_roster",
        "timestamp": "2026-05-16T21:22:23.062Z"
    }
},
{
    "model": "users_app.coachauditlog",
    "pk": 209,
    "fields": {
        "coach": [
            "kayaa3413@gmail.com"
        ],
        "student": null,
        "action": "viewed_roster",
        "timestamp": "2026-05-16T21:22:53.626Z"
    }
},
{
    "model": "users_app.coachauditlog",
    "pk": 210,
    "fields": {
        "coach": [
            "kayaa3413@gmail.com"
        ],
        "student": [
            "a@gmail.com"
        ],
        "action": "viewed_snapshot",
        "timestamp": "2026-05-16T21:22:55.643Z"
    }
},
{
    "model": "users_app.coachauditlog",
    "pk": 211,
    "fields": {
        "coach": [
            "kayaa3413@gmail.com"
        ],
        "student": null,
        "action": "viewed_roster",
        "timestamp": "2026-05-17T06:40:17.531Z"
    }
},
{
    "model": "users_app.coachauditlog",
    "pk": 212,
    "fields": {
        "coach": [
            "kayaa3413@gmail.com"
        ],
        "student": [
            "a@gmail.com"
        ],
        "action": "viewed_snapshot",
        "timestamp": "2026-05-17T06:40:20.331Z"
    }
},
{
    "model": "users_app.coachauditlog",
    "pk": 213,
    "fields": {
        "coach": [
            "kayaa3413@gmail.com"
        ],
        "student": null,
        "action": "viewed_roster",
        "timestamp": "2026-05-17T06:40:37.667Z"
    }
},
{
    "model": "users_app.coachauditlog",
    "pk": 214,
    "fields": {
        "coach": [
            "kayaa3413@gmail.com"
        ],
        "student": [
            "a@gmail.com"
        ],
        "action": "viewed_snapshot",
        "timestamp": "2026-05-17T06:40:40.512Z"
    }
},
{
    "model": "users_app.coachauditlog",
    "pk": 215,
    "fields": {
        "coach": [
            "kayaa3413@gmail.com"
        ],
        "student": null,
        "action": "viewed_roster",
        "timestamp": "2026-05-17T06:47:57.490Z"
    }
},
{
    "model": "users_app.coachauditlog",
    "pk": 216,
    "fields": {
        "coach": [
            "kayaa3413@gmail.com"
        ],
        "student": [
            "a@gmail.com"
        ],
        "action": "viewed_snapshot",
        "timestamp": "2026-05-17T06:47:58.888Z"
    }
},
{
    "model": "users_app.coachauditlog",
    "pk": 217,
    "fields": {
        "coach": [
            "kayaa3413@gmail.com"
        ],
        "student": null,
        "action": "viewed_roster",
        "timestamp": "2026-05-17T07:10:25.185Z"
    }
},
{
    "model": "users_app.coachauditlog",
    "pk": 218,
    "fields": {
        "coach": [
            "kayaa3413@gmail.com"
        ],
        "student": null,
        "action": "viewed_roster",
        "timestamp": "2026-05-17T07:10:30.889Z"
    }
},
{
    "model": "users_app.coachauditlog",
    "pk": 219,
    "fields": {
        "coach": [
            "kayaa3413@gmail.com"
        ],
        "student": [
            "a@gmail.com"
        ],
        "action": "viewed_snapshot",
        "timestamp": "2026-05-17T07:10:31.962Z"
    }
},
{
    "model": "users_app.coachauditlog",
    "pk": 220,
    "fields": {
        "coach": [
            "kayaa3413@gmail.com"
        ],
        "student": null,
        "action": "viewed_roster",
        "timestamp": "2026-05-17T07:16:27.821Z"
    }
},
{
    "model": "users_app.coachauditlog",
    "pk": 221,
    "fields": {
        "coach": [
            "kayaa3413@gmail.com"
        ],
        "student": [
            "a@gmail.com"
        ],
        "action": "viewed_snapshot",
        "timestamp": "2026-05-17T07:16:29.474Z"
    }
},
{
    "model": "users_app.coachauditlog",
    "pk": 222,
    "fields": {
        "coach": [
            "kayaa3413@gmail.com"
        ],
        "student": null,
        "action": "viewed_roster",
        "timestamp": "2026-05-17T07:16:47.324Z"
    }
},
{
    "model": "users_app.coachauditlog",
    "pk": 223,
    "fields": {
        "coach": [
            "kayaa3413@gmail.com"
        ],
        "student": [
            "a@gmail.com"
        ],
        "action": "viewed_snapshot",
        "timestamp": "2026-05-17T07:16:49.329Z"
    }
},
{
    "model": "users_app.coachauditlog",
    "pk": 224,
    "fields": {
        "coach": [
            "kayaa3413@gmail.com"
        ],
        "student": null,
        "action": "viewed_roster",
        "timestamp": "2026-05-17T07:18:20.347Z"
    }
},
{
    "model": "users_app.coachauditlog",
    "pk": 225,
    "fields": {
        "coach": [
            "kayaa3413@gmail.com"
        ],
        "student": null,
        "action": "viewed_roster",
        "timestamp": "2026-05-17T07:19:53.671Z"
    }
},
{
    "model": "users_app.coachauditlog",
    "pk": 226,
    "fields": {
        "coach": [
            "kayaa3413@gmail.com"
        ],
        "student": [
            "a@gmail.com"
        ],
        "action": "viewed_snapshot",
        "timestamp": "2026-05-17T07:19:56.621Z"
    }
},
{
    "model": "users_app.coachauditlog",
    "pk": 227,
    "fields": {
        "coach": [
            "kayaa3413@gmail.com"
        ],
        "student": null,
        "action": "viewed_roster",
        "timestamp": "2026-05-17T07:19:58.423Z"
    }
},
{
    "model": "users_app.coachauditlog",
    "pk": 228,
    "fields": {
        "coach": [
            "kayaa3413@gmail.com"
        ],
        "student": [
            "a@gmail.com"
        ],
        "action": "viewed_snapshot",
        "timestamp": "2026-05-17T07:20:02.105Z"
    }
},
{
    "model": "users_app.coachauditlog",
    "pk": 229,
    "fields": {
        "coach": [
            "kayaa3413@gmail.com"
        ],
        "student": null,
        "action": "viewed_roster",
        "timestamp": "2026-05-17T07:21:51.236Z"
    }
},
{
    "model": "users_app.coachauditlog",
    "pk": 230,
    "fields": {
        "coach": [
            "kayaa3413@gmail.com"
        ],
        "student": null,
        "action": "viewed_roster",
        "timestamp": "2026-05-17T07:27:01.457Z"
    }
},
{
    "model": "users_app.coachauditlog",
    "pk": 231,
    "fields": {
        "coach": [
            "kayaa3413@gmail.com"
        ],
        "student": [
            "a@gmail.com"
        ],
        "action": "viewed_snapshot",
        "timestamp": "2026-05-17T07:30:15.897Z"
    }
},
{
    "model": "users_app.coachauditlog",
    "pk": 232,
    "fields": {
        "coach": [
            "kayaa3413@gmail.com"
        ],
        "student": null,
        "action": "viewed_roster",
        "timestamp": "2026-05-17T07:30:31.756Z"
    }
},
{
    "model": "users_app.coachauditlog",
    "pk": 233,
    "fields": {
        "coach": [
            "kayaa3413@gmail.com"
        ],
        "student": [
            "a@gmail.com"
        ],
        "action": "viewed_snapshot",
        "timestamp": "2026-05-17T07:30:46.276Z"
    }
},
{
    "model": "users_app.coachauditlog",
    "pk": 234,
    "fields": {
        "coach": [
            "kayaa3413@gmail.com"
        ],
        "student": null,
        "action": "viewed_roster",
        "timestamp": "2026-05-17T07:48:44.842Z"
    }
},
{
    "model": "users_app.coachauditlog",
    "pk": 235,
    "fields": {
        "coach": [
            "kayaa3413@gmail.com"
        ],
        "student": [
            "a@gmail.com"
        ],
        "action": "viewed_snapshot",
        "timestamp": "2026-05-17T07:48:49.582Z"
    }
},
{
    "model": "users_app.coachauditlog",
    "pk": 236,
    "fields": {
        "coach": [
            "kayaa3413@gmail.com"
        ],
        "student": null,
        "action": "viewed_roster",
        "timestamp": "2026-05-17T07:50:30.924Z"
    }
},
{
    "model": "users_app.coachauditlog",
    "pk": 237,
    "fields": {
        "coach": [
            "kayaa3413@gmail.com"
        ],
        "student": [
            "a@gmail.com"
        ],
        "action": "viewed_snapshot",
        "timestamp": "2026-05-17T07:50:32.554Z"
    }
},
{
    "model": "users_app.coachauditlog",
    "pk": 238,
    "fields": {
        "coach": [
            "kayaa3413@gmail.com"
        ],
        "student": null,
        "action": "viewed_roster",
        "timestamp": "2026-05-17T07:50:36.206Z"
    }
},
{
    "model": "users_app.coachauditlog",
    "pk": 239,
    "fields": {
        "coach": [
            "kayaa3413@gmail.com"
        ],
        "student": null,
        "action": "viewed_roster",
        "timestamp": "2026-05-17T07:57:05.709Z"
    }
},
{
    "model": "users_app.coachauditlog",
    "pk": 240,
    "fields": {
        "coach": [
            "kayaa3413@gmail.com"
        ],
        "student": null,
        "action": "viewed_roster",
        "timestamp": "2026-05-17T08:34:24.281Z"
    }
},
{
    "model": "users_app.coachauditlog",
    "pk": 241,
    "fields": {
        "coach": [
            "kayaa3413@gmail.com"
        ],
        "student": null,
        "action": "viewed_roster",
        "timestamp": "2026-05-17T08:34:32.222Z"
    }
},
{
    "model": "users_app.coachauditlog",
    "pk": 242,
    "fields": {
        "coach": [
            "kayaa3413@gmail.com"
        ],
        "student": null,
        "action": "viewed_roster",
        "timestamp": "2026-05-17T08:48:31.873Z"
    }
},
{
    "model": "users_app.coachauditlog",
    "pk": 243,
    "fields": {
        "coach": [
            "kayaa3413@gmail.com"
        ],
        "student": null,
        "action": "viewed_roster",
        "timestamp": "2026-05-17T08:48:48.365Z"
    }
},
{
    "model": "users_app.coachauditlog",
    "pk": 244,
    "fields": {
        "coach": [
            "kayaa3413@gmail.com"
        ],
        "student": null,
        "action": "viewed_roster",
        "timestamp": "2026-05-17T08:49:00.678Z"
    }
},
{
    "model": "users_app.coachauditlog",
    "pk": 245,
    "fields": {
        "coach": [
            "kayaa3413@gmail.com"
        ],
        "student": [
            "a@gmail.com"
        ],
        "action": "viewed_snapshot",
        "timestamp": "2026-05-17T08:49:19.137Z"
    }
},
{
    "model": "users_app.coachauditlog",
    "pk": 246,
    "fields": {
        "coach": [
            "kayaa3413@gmail.com"
        ],
        "student": null,
        "action": "viewed_roster",
        "timestamp": "2026-05-17T08:57:37.718Z"
    }
},
{
    "model": "users_app.coachauditlog",
    "pk": 247,
    "fields": {
        "coach": [
            "kayaa3413@gmail.com"
        ],
        "student": null,
        "action": "viewed_roster",
        "timestamp": "2026-05-17T08:57:38.949Z"
    }
},
{
    "model": "users_app.coachauditlog",
    "pk": 248,
    "fields": {
        "coach": [
            "kayaa3413@gmail.com"
        ],
        "student": [
            "a@gmail.com"
        ],
        "action": "viewed_snapshot",
        "timestamp": "2026-05-17T08:58:23.699Z"
    }
},
{
    "model": "users_app.coachauditlog",
    "pk": 249,
    "fields": {
        "coach": [
            "kayaa3413@gmail.com"
        ],
        "student": null,
        "action": "viewed_roster",
        "timestamp": "2026-05-17T08:58:25.149Z"
    }
},
{
    "model": "users_app.coachauditlog",
    "pk": 250,
    "fields": {
        "coach": [
            "kayaa3413@gmail.com"
        ],
        "student": null,
        "action": "viewed_roster",
        "timestamp": "2026-05-17T09:01:03.344Z"
    }
},
{
    "model": "users_app.coachauditlog",
    "pk": 251,
    "fields": {
        "coach": [
            "kayaa3413@gmail.com"
        ],
        "student": [
            "a@gmail.com"
        ],
        "action": "viewed_snapshot",
        "timestamp": "2026-05-17T09:01:09.207Z"
    }
},
{
    "model": "users_app.coachauditlog",
    "pk": 252,
    "fields": {
        "coach": [
            "kayaa3413@gmail.com"
        ],
        "student": null,
        "action": "viewed_roster",
        "timestamp": "2026-05-17T09:01:35.093Z"
    }
},
{
    "model": "users_app.coachauditlog",
    "pk": 253,
    "fields": {
        "coach": [
            "kayaa3413@gmail.com"
        ],
        "student": null,
        "action": "viewed_roster",
        "timestamp": "2026-05-17T10:04:24.461Z"
    }
},
{
    "model": "users_app.coachauditlog",
    "pk": 254,
    "fields": {
        "coach": [
            "kayaa3413@gmail.com"
        ],
        "student": [
            "a@gmail.com"
        ],
        "action": "viewed_snapshot",
        "timestamp": "2026-05-17T10:04:26.489Z"
    }
},
{
    "model": "users_app.coachauditlog",
    "pk": 255,
    "fields": {
        "coach": [
            "kayaa3413@gmail.com"
        ],
        "student": null,
        "action": "viewed_roster",
        "timestamp": "2026-05-17T10:04:59.436Z"
    }
},
{
    "model": "users_app.coachauditlog",
    "pk": 256,
    "fields": {
        "coach": [
            "kayaa3413@gmail.com"
        ],
        "student": null,
        "action": "viewed_roster",
        "timestamp": "2026-05-17T10:13:13.583Z"
    }
},
{
    "model": "users_app.coachauditlog",
    "pk": 257,
    "fields": {
        "coach": [
            "kayaa3413@gmail.com"
        ],
        "student": null,
        "action": "viewed_roster",
        "timestamp": "2026-05-17T10:13:21.597Z"
    }
},
{
    "model": "users_app.coachauditlog",
    "pk": 258,
    "fields": {
        "coach": [
            "kayaa3413@gmail.com"
        ],
        "student": [
            "student_step5@test.com"
        ],
        "action": "viewed_snapshot",
        "timestamp": "2026-05-17T10:13:28.409Z"
    }
},
{
    "model": "users_app.coachauditlog",
    "pk": 259,
    "fields": {
        "coach": [
            "kayaa3413@gmail.com"
        ],
        "student": null,
        "action": "viewed_roster",
        "timestamp": "2026-05-17T10:13:30.810Z"
    }
},
{
    "model": "users_app.coachauditlog",
    "pk": 260,
    "fields": {
        "coach": [
            "kayaa3413@gmail.com"
        ],
        "student": null,
        "action": "viewed_roster",
        "timestamp": "2026-05-17T10:13:42.069Z"
    }
},
{
    "model": "users_app.coachauditlog",
    "pk": 261,
    "fields": {
        "coach": [
            "kayaa3413@gmail.com"
        ],
        "student": [
            "kayaaali202506@gmail.com"
        ],
        "action": "viewed_snapshot",
        "timestamp": "2026-05-17T10:13:45.112Z"
    }
},
{
    "model": "users_app.coachauditlog",
    "pk": 262,
    "fields": {
        "coach": [
            "kayaa3413@gmail.com"
        ],
        "student": null,
        "action": "viewed_roster",
        "timestamp": "2026-05-17T10:13:48.053Z"
    }
},
{
    "model": "users_app.coachauditlog",
    "pk": 263,
    "fields": {
        "coach": [
            "kayaa3413@gmail.com"
        ],
        "student": [
            "student_step5@test.com"
        ],
        "action": "viewed_snapshot",
        "timestamp": "2026-05-17T10:13:50.291Z"
    }
},
{
    "model": "users_app.coachauditlog",
    "pk": 264,
    "fields": {
        "coach": [
            "kayaa3413@gmail.com"
        ],
        "student": null,
        "action": "viewed_roster",
        "timestamp": "2026-05-17T10:13:51.636Z"
    }
},
{
    "model": "users_app.coachauditlog",
    "pk": 265,
    "fields": {
        "coach": [
            "kayaa3413@gmail.com"
        ],
        "student": null,
        "action": "viewed_roster",
        "timestamp": "2026-05-17T10:28:25.440Z"
    }
},
{
    "model": "users_app.coachauditlog",
    "pk": 266,
    "fields": {
        "coach": [
            "kayaa3413@gmail.com"
        ],
        "student": null,
        "action": "viewed_roster",
        "timestamp": "2026-05-17T10:36:28.760Z"
    }
},
{
    "model": "users_app.coachauditlog",
    "pk": 267,
    "fields": {
        "coach": [
            "kayaa3413@gmail.com"
        ],
        "student": [
            "student_step5@test.com"
        ],
        "action": "viewed_snapshot",
        "timestamp": "2026-05-17T10:36:35.088Z"
    }
},
{
    "model": "users_app.coachauditlog",
    "pk": 268,
    "fields": {
        "coach": [
            "kayaa3413@gmail.com"
        ],
        "student": null,
        "action": "viewed_roster",
        "timestamp": "2026-05-17T10:36:36.927Z"
    }
},
{
    "model": "users_app.coachauditlog",
    "pk": 269,
    "fields": {
        "coach": [
            "kayaa3413@gmail.com"
        ],
        "student": [
            "student_step5@test.com"
        ],
        "action": "viewed_snapshot",
        "timestamp": "2026-05-17T10:36:38.363Z"
    }
},
{
    "model": "users_app.coachauditlog",
    "pk": 270,
    "fields": {
        "coach": [
            "kayaa3413@gmail.com"
        ],
        "student": [
            "student_step5@test.com"
        ],
        "action": "viewed_snapshot",
        "timestamp": "2026-05-17T10:36:43.601Z"
    }
},
{
    "model": "users_app.coachauditlog",
    "pk": 271,
    "fields": {
        "coach": [
            "kayaa3413@gmail.com"
        ],
        "student": null,
        "action": "viewed_roster",
        "timestamp": "2026-05-17T11:49:29.141Z"
    }
},
{
    "model": "users_app.coachauditlog",
    "pk": 272,
    "fields": {
        "coach": [
            "kayaa3413@gmail.com"
        ],
        "student": null,
        "action": "viewed_roster",
        "timestamp": "2026-05-17T12:02:32.894Z"
    }
},
{
    "model": "users_app.coachauditlog",
    "pk": 273,
    "fields": {
        "coach": [
            "kayaa3413@gmail.com"
        ],
        "student": [
            "student_step5@test.com"
        ],
        "action": "viewed_snapshot",
        "timestamp": "2026-05-17T12:02:37.361Z"
    }
},
{
    "model": "users_app.coachauditlog",
    "pk": 274,
    "fields": {
        "coach": [
            "kayaa3413@gmail.com"
        ],
        "student": null,
        "action": "viewed_roster",
        "timestamp": "2026-05-17T12:03:10.591Z"
    }
},
{
    "model": "users_app.coachauditlog",
    "pk": 275,
    "fields": {
        "coach": [
            "kayaa3413@gmail.com"
        ],
        "student": null,
        "action": "viewed_roster",
        "timestamp": "2026-05-17T20:57:57.002Z"
    }
},
{
    "model": "users_app.coachauditlog",
    "pk": 276,
    "fields": {
        "coach": [
            "kayaa3413@gmail.com"
        ],
        "student": [
            "a@gmail.com"
        ],
        "action": "viewed_snapshot",
        "timestamp": "2026-05-17T20:58:04.707Z"
    }
},
{
    "model": "users_app.coachauditlog",
    "pk": 277,
    "fields": {
        "coach": [
            "kayaa3413@gmail.com"
        ],
        "student": null,
        "action": "viewed_roster",
        "timestamp": "2026-05-17T20:58:08.981Z"
    }
},
{
    "model": "users_app.coachauditlog",
    "pk": 278,
    "fields": {
        "coach": [
            "kayaa3413@gmail.com"
        ],
        "student": [
            "a@gmail.com"
        ],
        "action": "viewed_snapshot",
        "timestamp": "2026-05-17T20:58:15.699Z"
    }
},
{
    "model": "users_app.coachauditlog",
    "pk": 279,
    "fields": {
        "coach": [
            "kayaa3413@gmail.com"
        ],
        "student": null,
        "action": "viewed_roster",
        "timestamp": "2026-05-17T20:58:34.046Z"
    }
},
{
    "model": "users_app.coachauditlog",
    "pk": 280,
    "fields": {
        "coach": [
            "kayaa3413@gmail.com"
        ],
        "student": null,
        "action": "viewed_roster",
        "timestamp": "2026-05-17T20:58:41.025Z"
    }
},
{
    "model": "users_app.coachauditlog",
    "pk": 281,
    "fields": {
        "coach": [
            "kayaa3413@gmail.com"
        ],
        "student": [
            "a@gmail.com"
        ],
        "action": "viewed_snapshot",
        "timestamp": "2026-05-17T20:58:47.245Z"
    }
},
{
    "model": "users_app.coachauditlog",
    "pk": 282,
    "fields": {
        "coach": [
            "kayaa3413@gmail.com"
        ],
        "student": null,
        "action": "viewed_roster",
        "timestamp": "2026-05-18T07:47:22.971Z"
    }
},
{
    "model": "users_app.coachauditlog",
    "pk": 283,
    "fields": {
        "coach": [
            "kayaa3413@gmail.com"
        ],
        "student": null,
        "action": "viewed_roster",
        "timestamp": "2026-05-18T07:48:20.790Z"
    }
},
{
    "model": "users_app.coachauditlog",
    "pk": 284,
    "fields": {
        "coach": [
            "kayaa3413@gmail.com"
        ],
        "student": null,
        "action": "viewed_roster",
        "timestamp": "2026-05-18T07:49:12.783Z"
    }
},
{
    "model": "users_app.coachauditlog",
    "pk": 285,
    "fields": {
        "coach": [
            "kayaa3413@gmail.com"
        ],
        "student": null,
        "action": "viewed_roster",
        "timestamp": "2026-05-18T07:49:32.736Z"
    }
},
{
    "model": "users_app.coachauditlog",
    "pk": 286,
    "fields": {
        "coach": [
            "kayaa3413@gmail.com"
        ],
        "student": null,
        "action": "viewed_roster",
        "timestamp": "2026-05-18T07:49:35.339Z"
    }
},
{
    "model": "users_app.coachauditlog",
    "pk": 287,
    "fields": {
        "coach": [
            "kayaa3413@gmail.com"
        ],
        "student": [
            "a@gmail.com"
        ],
        "action": "viewed_snapshot",
        "timestamp": "2026-05-18T07:50:04.417Z"
    }
},
{
    "model": "users_app.coachauditlog",
    "pk": 288,
    "fields": {
        "coach": [
            "kayaa3413@gmail.com"
        ],
        "student": null,
        "action": "viewed_roster",
        "timestamp": "2026-05-18T07:50:18.067Z"
    }
},
{
    "model": "users_app.coachauditlog",
    "pk": 289,
    "fields": {
        "coach": [
            "kayaa3413@gmail.com"
        ],
        "student": null,
        "action": "viewed_roster",
        "timestamp": "2026-05-18T07:50:41.789Z"
    }
},
{
    "model": "users_app.coachauditlog",
    "pk": 290,
    "fields": {
        "coach": [
            "kayaa3413@gmail.com"
        ],
        "student": null,
        "action": "viewed_roster",
        "timestamp": "2026-05-18T07:53:02.286Z"
    }
},
{
    "model": "users_app.coachauditlog",
    "pk": 291,
    "fields": {
        "coach": [
            "kayaa3413@gmail.com"
        ],
        "student": [
            "a@gmail.com"
        ],
        "action": "viewed_snapshot",
        "timestamp": "2026-05-18T07:53:05.548Z"
    }
},
{
    "model": "users_app.coachauditlog",
    "pk": 292,
    "fields": {
        "coach": [
            "kayaa3413@gmail.com"
        ],
        "student": null,
        "action": "viewed_roster",
        "timestamp": "2026-05-18T07:53:20.330Z"
    }
},
{
    "model": "users_app.coachauditlog",
    "pk": 293,
    "fields": {
        "coach": [
            "kayaa3413@gmail.com"
        ],
        "student": [
            "a@gmail.com"
        ],
        "action": "viewed_snapshot",
        "timestamp": "2026-05-18T08:02:17.495Z"
    }
},
{
    "model": "users_app.coachauditlog",
    "pk": 294,
    "fields": {
        "coach": [
            "kayaa3413@gmail.com"
        ],
        "student": null,
        "action": "viewed_roster",
        "timestamp": "2026-05-18T08:02:23.823Z"
    }
},
{
    "model": "users_app.coachauditlog",
    "pk": 295,
    "fields": {
        "coach": [
            "kayaa3413@gmail.com"
        ],
        "student": null,
        "action": "viewed_roster",
        "timestamp": "2026-05-18T08:20:29.719Z"
    }
},
{
    "model": "users_app.coachauditlog",
    "pk": 296,
    "fields": {
        "coach": [
            "kayaa3413@gmail.com"
        ],
        "student": [
            "a@gmail.com"
        ],
        "action": "viewed_snapshot",
        "timestamp": "2026-05-18T08:20:37.558Z"
    }
},
{
    "model": "users_app.coachauditlog",
    "pk": 297,
    "fields": {
        "coach": [
            "kayaa3413@gmail.com"
        ],
        "student": null,
        "action": "viewed_roster",
        "timestamp": "2026-05-18T08:20:54.008Z"
    }
},
{
    "model": "users_app.coachauditlog",
    "pk": 298,
    "fields": {
        "coach": [
            "kayaa3413@gmail.com"
        ],
        "student": [
            "a@gmail.com"
        ],
        "action": "viewed_snapshot",
        "timestamp": "2026-05-18T08:20:55.686Z"
    }
},
{
    "model": "users_app.coachauditlog",
    "pk": 299,
    "fields": {
        "coach": [
            "kayaa3413@gmail.com"
        ],
        "student": null,
        "action": "viewed_roster",
        "timestamp": "2026-05-18T08:21:35.728Z"
    }
},
{
    "model": "users_app.coachauditlog",
    "pk": 300,
    "fields": {
        "coach": [
            "kayaa3413@gmail.com"
        ],
        "student": [
            "a@gmail.com"
        ],
        "action": "viewed_snapshot",
        "timestamp": "2026-05-18T08:21:38.841Z"
    }
},
{
    "model": "users_app.coachauditlog",
    "pk": 301,
    "fields": {
        "coach": [
            "kayaa3413@gmail.com"
        ],
        "student": null,
        "action": "viewed_roster",
        "timestamp": "2026-05-18T08:21:47.262Z"
    }
},
{
    "model": "users_app.coachauditlog",
    "pk": 302,
    "fields": {
        "coach": [
            "kayaa3413@gmail.com"
        ],
        "student": null,
        "action": "viewed_roster",
        "timestamp": "2026-05-18T08:21:49.750Z"
    }
},
{
    "model": "users_app.coachauditlog",
    "pk": 303,
    "fields": {
        "coach": [
            "kayaa3413@gmail.com"
        ],
        "student": null,
        "action": "viewed_roster",
        "timestamp": "2026-05-18T08:22:12.066Z"
    }
},
{
    "model": "users_app.coachauditlog",
    "pk": 304,
    "fields": {
        "coach": [
            "kayaa3413@gmail.com"
        ],
        "student": null,
        "action": "viewed_roster",
        "timestamp": "2026-05-18T08:22:37.062Z"
    }
},
{
    "model": "users_app.coachauditlog",
    "pk": 305,
    "fields": {
        "coach": [
            "kayaa3413@gmail.com"
        ],
        "student": [
            "a@gmail.com"
        ],
        "action": "viewed_snapshot",
        "timestamp": "2026-05-18T08:22:53.703Z"
    }
},
{
    "model": "users_app.coachauditlog",
    "pk": 306,
    "fields": {
        "coach": [
            "kayaa3413@gmail.com"
        ],
        "student": null,
        "action": "viewed_roster",
        "timestamp": "2026-05-18T08:29:45.705Z"
    }
},
{
    "model": "users_app.coachauditlog",
    "pk": 307,
    "fields": {
        "coach": [
            "kayaa3413@gmail.com"
        ],
        "student": [
            "a@gmail.com"
        ],
        "action": "viewed_snapshot",
        "timestamp": "2026-05-18T08:29:48.226Z"
    }
},
{
    "model": "users_app.studentachievement",
    "pk": 1,
    "fields": {
        "student": [
            "akak@gmail.com"
        ],
        "badge_key": "exam_1",
        "awarded_at": "2026-05-18T08:05:31.010Z"
    }
},
{
    "model": "users_app.studentachievement",
    "pk": 2,
    "fields": {
        "student": [
            "a@gmail.com"
        ],
        "badge_key": "exam_1",
        "awarded_at": "2026-05-18T08:23:58.376Z"
    }
},
{
    "model": "users_app.studentachievement",
    "pk": 3,
    "fields": {
        "student": [
            "a@gmail.com"
        ],
        "badge_key": "task_10",
        "awarded_at": "2026-05-18T08:23:58.386Z"
    }
},
{
    "model": "users_app.coachalert",
    "pk": 1,
    "fields": {
        "coach": [
            "kayaa3413@gmail.com"
        ],
        "student": [
            "a@gmail.com"
        ],
        "alert_type": "radar_overload",
        "severity": "warning",
        "title": "10 hatalı konu henüz görev olarak atanmadı",
        "detail": "Radar birikimi fazla — bazı konuları hızlıca ata.",
        "metadata": {
            "unaddressed_count": 10
        },
        "fingerprint": "23bdcf9e93f9a9673c548315af56f278bc45b768",
        "created_at": "2026-05-17T20:57:21.268Z",
        "expires_at": "2026-05-24",
        "is_read": true,
        "is_dismissed": false
    }
},
{
    "model": "users_app.studentinvite",
    "pk": 5,
    "fields": {
        "coach": [
            "kayaa3413@gmail.com"
        ],
        "email": "kayaaali202506@gmail.com",
        "full_name": "alikayo",
        "token": "ITWDRfx1J1nwPg-AW3nQe8Q_xgF55y7RLWdd4y4mV_A",
        "is_used": true,
        "created_at": "2026-05-05T05:47:11.369Z"
    }
},
{
    "model": "users_app.studentinvite",
    "pk": 7,
    "fields": {
        "coach": [
            "kayaa3413@gmail.com"
        ],
        "email": "gazitakvim@gmail.com",
        "full_name": "gazitakvm",
        "token": "9tuRZRKgg1fE_CffatH6YFjYwB_h1g-_J1GR-652a6Q",
        "is_used": false,
        "created_at": "2026-05-17T10:17:35.490Z"
    }
},
{
    "model": "exams_app.publisher",
    "pk": 1,
    "fields": {
        "name": "3D Yayınları"
    }
},
{
    "model": "exams_app.publisher",
    "pk": 2,
    "fields": {
        "name": "Limit Yayınları"
    }
},
{
    "model": "exams_app.publisher",
    "pk": 3,
    "fields": {
        "name": "Endemik Yayınları"
    }
},
{
    "model": "exams_app.publisher",
    "pk": 4,
    "fields": {
        "name": "Bilgi Sarmal"
    }
},
{
    "model": "exams_app.publisher",
    "pk": 5,
    "fields": {
        "name": "Fen Bilimleri Yayınları"
    }
},
{
    "model": "exams_app.subject",
    "pk": 1,
    "fields": {
        "exam_type": "TYT",
        "name": "TYT Türkçe",
        "question_count": 40
    }
},
{
    "model": "exams_app.subject",
    "pk": 2,
    "fields": {
        "exam_type": "TYT",
        "name": "TYT Matematik",
        "question_count": 40
    }
},
{
    "model": "exams_app.subject",
    "pk": 3,
    "fields": {
        "exam_type": "TYT",
        "name": "TYT Sosyal Bilimler",
        "question_count": 20
    }
},
{
    "model": "exams_app.subject",
    "pk": 4,
    "fields": {
        "exam_type": "TYT",
        "name": "TYT Fen Bilimleri",
        "question_count": 20
    }
},
{
    "model": "exams_app.subject",
    "pk": 5,
    "fields": {
        "exam_type": "TYT",
        "name": "TYT Fizik",
        "question_count": 7
    }
},
{
    "model": "exams_app.subject",
    "pk": 6,
    "fields": {
        "exam_type": "TYT",
        "name": "TYT Kimya",
        "question_count": 7
    }
},
{
    "model": "exams_app.subject",
    "pk": 7,
    "fields": {
        "exam_type": "TYT",
        "name": "TYT Biyoloji",
        "question_count": 6
    }
},
{
    "model": "exams_app.topic",
    "pk": 1,
    "fields": {
        "subject": 1,
        "name": "Sözcükte Anlam",
        "sub_category": ""
    }
},
{
    "model": "exams_app.topic",
    "pk": 8,
    "fields": {
        "subject": 1,
        "name": "Cümle Türleri",
        "sub_category": ""
    }
},
{
    "model": "exams_app.topic",
    "pk": 15,
    "fields": {
        "subject": 2,
        "name": "Bölme ve Bölünebilme",
        "sub_category": ""
    }
},
{
    "model": "exams_app.topic",
    "pk": 16,
    "fields": {
        "subject": 2,
        "name": "EBOB - EKOK",
        "sub_category": ""
    }
},
{
    "model": "exams_app.topic",
    "pk": 17,
    "fields": {
        "subject": 2,
        "name": "Ondalık ve Kesirler",
        "sub_category": ""
    }
},
{
    "model": "exams_app.topic",
    "pk": 18,
    "fields": {
        "subject": 2,
        "name": "Üslü Sayılar",
        "sub_category": ""
    }
},
{
    "model": "exams_app.topic",
    "pk": 19,
    "fields": {
        "subject": 2,
        "name": "Köklü Sayılar",
        "sub_category": ""
    }
},
{
    "model": "exams_app.topic",
    "pk": 24,
    "fields": {
        "subject": 2,
        "name": "Çarpanlara Ayırma",
        "sub_category": ""
    }
},
{
    "model": "exams_app.topic",
    "pk": 27,
    "fields": {
        "subject": 2,
        "name": "Mantık",
        "sub_category": ""
    }
},
{
    "model": "exams_app.topic",
    "pk": 28,
    "fields": {
        "subject": 2,
        "name": "Kümeler",
        "sub_category": ""
    }
},
{
    "model": "exams_app.topic",
    "pk": 29,
    "fields": {
        "subject": 2,
        "name": "Fonksiyonlar",
        "sub_category": ""
    }
},
{
    "model": "exams_app.topic",
    "pk": 30,
    "fields": {
        "subject": 2,
        "name": "Permütasyon - Kombinasyon",
        "sub_category": ""
    }
},
{
    "model": "exams_app.topic",
    "pk": 31,
    "fields": {
        "subject": 2,
        "name": "Olasılık",
        "sub_category": ""
    }
},
{
    "model": "exams_app.topic",
    "pk": 32,
    "fields": {
        "subject": 2,
        "name": "İstatistik",
        "sub_category": ""
    }
},
{
    "model": "exams_app.topic",
    "pk": 57,
    "fields": {
        "subject": 1,
        "name": "Söz Yorumu",
        "sub_category": ""
    }
},
{
    "model": "exams_app.topic",
    "pk": 58,
    "fields": {
        "subject": 1,
        "name": "Deyim ve Atasözü",
        "sub_category": ""
    }
},
{
    "model": "exams_app.topic",
    "pk": 59,
    "fields": {
        "subject": 1,
        "name": "Paragrafta Anlatım Teknikleri",
        "sub_category": ""
    }
},
{
    "model": "exams_app.topic",
    "pk": 60,
    "fields": {
        "subject": 1,
        "name": "Paragrafta Düşünceyi Geliştirme Yolları",
        "sub_category": ""
    }
},
{
    "model": "exams_app.topic",
    "pk": 61,
    "fields": {
        "subject": 1,
        "name": "Paragrafta Yapı",
        "sub_category": ""
    }
},
{
    "model": "exams_app.topic",
    "pk": 62,
    "fields": {
        "subject": 1,
        "name": "Paragrafta Konu - Ana Düşünce",
        "sub_category": ""
    }
},
{
    "model": "exams_app.topic",
    "pk": 63,
    "fields": {
        "subject": 1,
        "name": "Paragrafta Yardımcı Düşünce",
        "sub_category": ""
    }
},
{
    "model": "exams_app.topic",
    "pk": 64,
    "fields": {
        "subject": 1,
        "name": "Sözcükte Yapı/Ekler",
        "sub_category": ""
    }
},
{
    "model": "exams_app.topic",
    "pk": 65,
    "fields": {
        "subject": 1,
        "name": "Sözcük Türleri - İsimler",
        "sub_category": ""
    }
},
{
    "model": "exams_app.topic",
    "pk": 66,
    "fields": {
        "subject": 1,
        "name": "Sözcük Türleri - Zamirler",
        "sub_category": ""
    }
},
{
    "model": "exams_app.topic",
    "pk": 67,
    "fields": {
        "subject": 1,
        "name": "Sözcük Türleri - Sıfatlar",
        "sub_category": ""
    }
},
{
    "model": "exams_app.topic",
    "pk": 68,
    "fields": {
        "subject": 1,
        "name": "Sözcük Türleri - Zarflar",
        "sub_category": ""
    }
},
{
    "model": "exams_app.topic",
    "pk": 69,
    "fields": {
        "subject": 1,
        "name": "Sözcük Türleri - Edat, Bağlaç, Ünlem",
        "sub_category": ""
    }
},
{
    "model": "exams_app.topic",
    "pk": 70,
    "fields": {
        "subject": 1,
        "name": "Fiilde Anlam (Kip - Kişi - Yapı)",
        "sub_category": ""
    }
},
{
    "model": "exams_app.topic",
    "pk": 71,
    "fields": {
        "subject": 1,
        "name": "Ek Fiil",
        "sub_category": ""
    }
},
{
    "model": "exams_app.topic",
    "pk": 72,
    "fields": {
        "subject": 1,
        "name": "Fiilimsi",
        "sub_category": ""
    }
},
{
    "model": "exams_app.topic",
    "pk": 73,
    "fields": {
        "subject": 1,
        "name": "Fiilde Çatı",
        "sub_category": ""
    }
},
{
    "model": "exams_app.topic",
    "pk": 74,
    "fields": {
        "subject": 1,
        "name": "Sözcük Grupları",
        "sub_category": ""
    }
},
{
    "model": "exams_app.topic",
    "pk": 75,
    "fields": {
        "subject": 1,
        "name": "Cümlenin Ögeleri",
        "sub_category": ""
    }
},
{
    "model": "exams_app.topic",
    "pk": 76,
    "fields": {
        "subject": 1,
        "name": "Anlatım Bozukluğu",
        "sub_category": ""
    }
},
{
    "model": "exams_app.topic",
    "pk": 77,
    "fields": {
        "subject": 2,
        "name": "Rasyonel Sayılar",
        "sub_category": ""
    }
},
{
    "model": "exams_app.topic",
    "pk": 78,
    "fields": {
        "subject": 2,
        "name": "Basit Eşitsizlikler",
        "sub_category": ""
    }
},
{
    "model": "exams_app.topic",
    "pk": 79,
    "fields": {
        "subject": 2,
        "name": "Mutlak Değer",
        "sub_category": ""
    }
},
{
    "model": "exams_app.topic",
    "pk": 80,
    "fields": {
        "subject": 2,
        "name": "Oran Orantı",
        "sub_category": ""
    }
},
{
    "model": "exams_app.topic",
    "pk": 81,
    "fields": {
        "subject": 2,
        "name": "Denklem Çözme",
        "sub_category": ""
    }
},
{
    "model": "exams_app.topic",
    "pk": 82,
    "fields": {
        "subject": 2,
        "name": "Problemler - Sayı",
        "sub_category": ""
    }
},
{
    "model": "exams_app.topic",
    "pk": 83,
    "fields": {
        "subject": 2,
        "name": "Problemler - Kesir",
        "sub_category": ""
    }
},
{
    "model": "exams_app.topic",
    "pk": 84,
    "fields": {
        "subject": 2,
        "name": "Problemler - Yaş",
        "sub_category": ""
    }
},
{
    "model": "exams_app.topic",
    "pk": 85,
    "fields": {
        "subject": 2,
        "name": "Problemler - Hareket ve Hız",
        "sub_category": ""
    }
},
{
    "model": "exams_app.topic",
    "pk": 86,
    "fields": {
        "subject": 2,
        "name": "Problemler - İşçi Emek",
        "sub_category": ""
    }
},
{
    "model": "exams_app.topic",
    "pk": 87,
    "fields": {
        "subject": 2,
        "name": "Problemler - Yüzde",
        "sub_category": ""
    }
},
{
    "model": "exams_app.topic",
    "pk": 88,
    "fields": {
        "subject": 2,
        "name": "Problemler - Kar Zarar",
        "sub_category": ""
    }
},
{
    "model": "exams_app.topic",
    "pk": 89,
    "fields": {
        "subject": 2,
        "name": "Problemler - Karışım",
        "sub_category": ""
    }
},
{
    "model": "exams_app.topic",
    "pk": 90,
    "fields": {
        "subject": 2,
        "name": "Problemler - Grafik",
        "sub_category": ""
    }
},
{
    "model": "exams_app.topic",
    "pk": 91,
    "fields": {
        "subject": 2,
        "name": "Problemler - Rutin Olmayan",
        "sub_category": ""
    }
},
{
    "model": "exams_app.topic",
    "pk": 92,
    "fields": {
        "subject": 2,
        "name": "Kümeler - Kartezyen Çarpım",
        "sub_category": ""
    }
},
{
    "model": "exams_app.topic",
    "pk": 93,
    "fields": {
        "subject": 2,
        "name": "Polinomlar",
        "sub_category": ""
    }
},
{
    "model": "exams_app.topic",
    "pk": 94,
    "fields": {
        "subject": 2,
        "name": "II. Dereceden Denklemler",
        "sub_category": ""
    }
},
{
    "model": "exams_app.topic",
    "pk": 95,
    "fields": {
        "subject": 2,
        "name": "Veri ve İstatistik",
        "sub_category": ""
    }
},
{
    "model": "exams_app.topic",
    "pk": 96,
    "fields": {
        "subject": 3,
        "name": "Tarih ve Zaman",
        "sub_category": "Tarih"
    }
},
{
    "model": "exams_app.topic",
    "pk": 97,
    "fields": {
        "subject": 3,
        "name": "İnsanlığın İlk Dönemleri",
        "sub_category": "Tarih"
    }
},
{
    "model": "exams_app.topic",
    "pk": 98,
    "fields": {
        "subject": 3,
        "name": "İlk ve Orta Çağlarda Türk Dünyası",
        "sub_category": "Tarih"
    }
},
{
    "model": "exams_app.topic",
    "pk": 99,
    "fields": {
        "subject": 3,
        "name": "İslam Medeniyetinin Doğuşu ve İlk İslam Devletleri",
        "sub_category": "Tarih"
    }
},
{
    "model": "exams_app.topic",
    "pk": 100,
    "fields": {
        "subject": 3,
        "name": "Türklerin İslamiyet'i Kabulü ve İlk Türk İslam Devletleri",
        "sub_category": "Tarih"
    }
},
{
    "model": "exams_app.topic",
    "pk": 101,
    "fields": {
        "subject": 3,
        "name": "Orta Çağ'da Dünya",
        "sub_category": "Tarih"
    }
},
{
    "model": "exams_app.topic",
    "pk": 102,
    "fields": {
        "subject": 3,
        "name": "Yerleşme ve Devletleşme Sürecinde Selçuklu Türkiye'si",
        "sub_category": "Tarih"
    }
},
{
    "model": "exams_app.topic",
    "pk": 103,
    "fields": {
        "subject": 3,
        "name": "Beylikten Devlete Osmanlı Siyaseti",
        "sub_category": "Tarih"
    }
},
{
    "model": "exams_app.topic",
    "pk": 104,
    "fields": {
        "subject": 3,
        "name": "Devletleşme Sürecinde Savaşçılar ve Askerler",
        "sub_category": "Tarih"
    }
},
{
    "model": "exams_app.topic",
    "pk": 105,
    "fields": {
        "subject": 3,
        "name": "Beylikten Devlete Osmanlı Medeniyeti",
        "sub_category": "Tarih"
    }
},
{
    "model": "exams_app.topic",
    "pk": 106,
    "fields": {
        "subject": 3,
        "name": "Dünya Gücü Osmanlı",
        "sub_category": "Tarih"
    }
},
{
    "model": "exams_app.topic",
    "pk": 107,
    "fields": {
        "subject": 3,
        "name": "Sultan ve Osmanlı Merkez Teşkilatı",
        "sub_category": "Tarih"
    }
},
{
    "model": "exams_app.topic",
    "pk": 108,
    "fields": {
        "subject": 3,
        "name": "Klasik Çağda Osmanlı Toplum Düzeni",
        "sub_category": "Tarih"
    }
},
{
    "model": "exams_app.topic",
    "pk": 109,
    "fields": {
        "subject": 3,
        "name": "Değişen Dünya Dengeleri Karşısında Osmanlı Siyaseti",
        "sub_category": "Tarih"
    }
},
{
    "model": "exams_app.topic",
    "pk": 110,
    "fields": {
        "subject": 3,
        "name": "Değişim Çağında Avrupa ve Osmanlı",
        "sub_category": "Tarih"
    }
},
{
    "model": "exams_app.topic",
    "pk": 111,
    "fields": {
        "subject": 3,
        "name": "Uluslararası İlişkilerde Denge Stratejisi (1774-1914)",
        "sub_category": "Tarih"
    }
},
{
    "model": "exams_app.topic",
    "pk": 112,
    "fields": {
        "subject": 3,
        "name": "Devrimler Çağında Değişen Devlet-Toplum İlişkileri",
        "sub_category": "Tarih"
    }
},
{
    "model": "exams_app.topic",
    "pk": 113,
    "fields": {
        "subject": 3,
        "name": "Sermaye ve Emek",
        "sub_category": "Tarih"
    }
},
{
    "model": "exams_app.topic",
    "pk": 114,
    "fields": {
        "subject": 3,
        "name": "XIX. ve XX. Yüzyılda Değişen Gündelik Hayat",
        "sub_category": "Tarih"
    }
},
{
    "model": "exams_app.topic",
    "pk": 115,
    "fields": {
        "subject": 3,
        "name": "XX. Yüzyıl Başlarında Osmanlı Devleti ve Dünya",
        "sub_category": "Tarih"
    }
},
{
    "model": "exams_app.topic",
    "pk": 116,
    "fields": {
        "subject": 3,
        "name": "Milli Mücadele",
        "sub_category": "Tarih"
    }
},
{
    "model": "exams_app.topic",
    "pk": 117,
    "fields": {
        "subject": 3,
        "name": "Atatürkçülük ve Türk İnkılabı",
        "sub_category": "Tarih"
    }
},
{
    "model": "exams_app.topic",
    "pk": 118,
    "fields": {
        "subject": 3,
        "name": "Doğa ve İnsan",
        "sub_category": "Coğrafya"
    }
},
{
    "model": "exams_app.topic",
    "pk": 119,
    "fields": {
        "subject": 3,
        "name": "Dünya'nın Şekli ve Hareketleri",
        "sub_category": "Coğrafya"
    }
},
{
    "model": "exams_app.topic",
    "pk": 120,
    "fields": {
        "subject": 3,
        "name": "Coğrafi Konum",
        "sub_category": "Coğrafya"
    }
},
{
    "model": "exams_app.topic",
    "pk": 121,
    "fields": {
        "subject": 3,
        "name": "Harita Bilgisi",
        "sub_category": "Coğrafya"
    }
},
{
    "model": "exams_app.topic",
    "pk": 122,
    "fields": {
        "subject": 3,
        "name": "İklim Bilgisi",
        "sub_category": "Coğrafya"
    }
},
{
    "model": "exams_app.topic",
    "pk": 123,
    "fields": {
        "subject": 3,
        "name": "Dünya'nın Tektonik Oluşumu",
        "sub_category": "Coğrafya"
    }
},
{
    "model": "exams_app.topic",
    "pk": 124,
    "fields": {
        "subject": 3,
        "name": "Jeolojik Zamanlar",
        "sub_category": "Coğrafya"
    }
},
{
    "model": "exams_app.topic",
    "pk": 125,
    "fields": {
        "subject": 3,
        "name": "İç Kuvvetler / Dış Kuvvetler",
        "sub_category": "Coğrafya"
    }
},
{
    "model": "exams_app.topic",
    "pk": 126,
    "fields": {
        "subject": 3,
        "name": "Kayaçlar",
        "sub_category": "Coğrafya"
    }
},
{
    "model": "exams_app.topic",
    "pk": 127,
    "fields": {
        "subject": 3,
        "name": "Türkiye'nin Yer Şekilleri",
        "sub_category": "Coğrafya"
    }
},
{
    "model": "exams_app.topic",
    "pk": 128,
    "fields": {
        "subject": 3,
        "name": "Su - Toprak ve Bitkiler",
        "sub_category": "Coğrafya"
    }
},
{
    "model": "exams_app.topic",
    "pk": 129,
    "fields": {
        "subject": 3,
        "name": "Nüfus",
        "sub_category": "Coğrafya"
    }
},
{
    "model": "exams_app.topic",
    "pk": 130,
    "fields": {
        "subject": 3,
        "name": "Türkiye'de Nüfus",
        "sub_category": "Coğrafya"
    }
},
{
    "model": "exams_app.topic",
    "pk": 131,
    "fields": {
        "subject": 3,
        "name": "Göç",
        "sub_category": "Coğrafya"
    }
},
{
    "model": "exams_app.topic",
    "pk": 132,
    "fields": {
        "subject": 3,
        "name": "Ekonomik Faaliyetler",
        "sub_category": "Coğrafya"
    }
},
{
    "model": "exams_app.topic",
    "pk": 133,
    "fields": {
        "subject": 3,
        "name": "Bölgeler",
        "sub_category": "Coğrafya"
    }
},
{
    "model": "exams_app.topic",
    "pk": 134,
    "fields": {
        "subject": 3,
        "name": "Uluslararası Ulaşım Hatları",
        "sub_category": "Coğrafya"
    }
},
{
    "model": "exams_app.topic",
    "pk": 135,
    "fields": {
        "subject": 3,
        "name": "Çevre ve Toplum",
        "sub_category": "Coğrafya"
    }
},
{
    "model": "exams_app.topic",
    "pk": 136,
    "fields": {
        "subject": 3,
        "name": "Doğal Afetler",
        "sub_category": "Coğrafya"
    }
},
{
    "model": "exams_app.topic",
    "pk": 137,
    "fields": {
        "subject": 3,
        "name": "Felsefenin Konusu",
        "sub_category": "Felsefe"
    }
},
{
    "model": "exams_app.topic",
    "pk": 138,
    "fields": {
        "subject": 3,
        "name": "Bilgi Felsefesi",
        "sub_category": "Felsefe"
    }
},
{
    "model": "exams_app.topic",
    "pk": 139,
    "fields": {
        "subject": 3,
        "name": "Varlık Felsefesi",
        "sub_category": "Felsefe"
    }
},
{
    "model": "exams_app.topic",
    "pk": 140,
    "fields": {
        "subject": 3,
        "name": "Ahlak Felsefesi",
        "sub_category": "Felsefe"
    }
},
{
    "model": "exams_app.topic",
    "pk": 141,
    "fields": {
        "subject": 3,
        "name": "Sanat Felsefesi",
        "sub_category": "Felsefe"
    }
},
{
    "model": "exams_app.topic",
    "pk": 142,
    "fields": {
        "subject": 3,
        "name": "Din Felsefesi",
        "sub_category": "Felsefe"
    }
},
{
    "model": "exams_app.topic",
    "pk": 143,
    "fields": {
        "subject": 3,
        "name": "Siyaset Felsefesi",
        "sub_category": "Felsefe"
    }
},
{
    "model": "exams_app.topic",
    "pk": 144,
    "fields": {
        "subject": 3,
        "name": "Bilim Felsefesi",
        "sub_category": "Felsefe"
    }
},
{
    "model": "exams_app.topic",
    "pk": 145,
    "fields": {
        "subject": 3,
        "name": "İlk Çağ Felsefesi",
        "sub_category": "Felsefe"
    }
},
{
    "model": "exams_app.topic",
    "pk": 146,
    "fields": {
        "subject": 3,
        "name": "2. ve 15. Yüzyıl Felsefeleri",
        "sub_category": "Felsefe"
    }
},
{
    "model": "exams_app.topic",
    "pk": 147,
    "fields": {
        "subject": 3,
        "name": "15. ve 17. Yüzyıl Felsefeleri",
        "sub_category": "Felsefe"
    }
},
{
    "model": "exams_app.topic",
    "pk": 148,
    "fields": {
        "subject": 3,
        "name": "18. ve 19. Yüzyıl Felsefeleri",
        "sub_category": "Felsefe"
    }
},
{
    "model": "exams_app.topic",
    "pk": 149,
    "fields": {
        "subject": 3,
        "name": "20. Yüzyıl Felsefesi",
        "sub_category": "Felsefe"
    }
},
{
    "model": "exams_app.topic",
    "pk": 150,
    "fields": {
        "subject": 3,
        "name": "Bilgi ve İnanç",
        "sub_category": "Din Kültürü"
    }
},
{
    "model": "exams_app.topic",
    "pk": 151,
    "fields": {
        "subject": 3,
        "name": "Din ve İslam",
        "sub_category": "Din Kültürü"
    }
},
{
    "model": "exams_app.topic",
    "pk": 152,
    "fields": {
        "subject": 3,
        "name": "İslam ve İbadet",
        "sub_category": "Din Kültürü"
    }
},
{
    "model": "exams_app.topic",
    "pk": 153,
    "fields": {
        "subject": 3,
        "name": "Gençlik ve Değerler",
        "sub_category": "Din Kültürü"
    }
},
{
    "model": "exams_app.topic",
    "pk": 154,
    "fields": {
        "subject": 3,
        "name": "İslam Medeniyeti ve Özellikleri",
        "sub_category": "Din Kültürü"
    }
},
{
    "model": "exams_app.topic",
    "pk": 155,
    "fields": {
        "subject": 3,
        "name": "Allah İnancı ve İnsan",
        "sub_category": "Din Kültürü"
    }
},
{
    "model": "exams_app.topic",
    "pk": 156,
    "fields": {
        "subject": 3,
        "name": "Allah'ın Varlığı ve Birliği",
        "sub_category": "Din Kültürü"
    }
},
{
    "model": "exams_app.topic",
    "pk": 157,
    "fields": {
        "subject": 3,
        "name": "Allah'ın İsim ve Sıfatları",
        "sub_category": "Din Kültürü"
    }
},
{
    "model": "exams_app.topic",
    "pk": 158,
    "fields": {
        "subject": 3,
        "name": "Kur'an-ı Kerim'de İnsan ve Özellikleri",
        "sub_category": "Din Kültürü"
    }
},
{
    "model": "exams_app.topic",
    "pk": 159,
    "fields": {
        "subject": 3,
        "name": "İnsanın Allah İle İrtibatı",
        "sub_category": "Din Kültürü"
    }
},
{
    "model": "exams_app.topic",
    "pk": 160,
    "fields": {
        "subject": 3,
        "name": "Kur'an-ı Kerim'de Gençler",
        "sub_category": "Din Kültürü"
    }
},
{
    "model": "exams_app.topic",
    "pk": 161,
    "fields": {
        "subject": 3,
        "name": "Bir Genç Olarak Hz. Muhammed",
        "sub_category": "Din Kültürü"
    }
},
{
    "model": "exams_app.topic",
    "pk": 162,
    "fields": {
        "subject": 3,
        "name": "Hz. Muhammed ve Gençler",
        "sub_category": "Din Kültürü"
    }
},
{
    "model": "exams_app.topic",
    "pk": 163,
    "fields": {
        "subject": 3,
        "name": "Bazı Genç Sahabeler",
        "sub_category": "Din Kültürü"
    }
},
{
    "model": "exams_app.topic",
    "pk": 164,
    "fields": {
        "subject": 3,
        "name": "Din ve Aile",
        "sub_category": "Din Kültürü"
    }
},
{
    "model": "exams_app.topic",
    "pk": 165,
    "fields": {
        "subject": 3,
        "name": "Din, Kültür ve Sanat",
        "sub_category": "Din Kültürü"
    }
},
{
    "model": "exams_app.topic",
    "pk": 166,
    "fields": {
        "subject": 3,
        "name": "Din ve Çevre",
        "sub_category": "Din Kültürü"
    }
},
{
    "model": "exams_app.topic",
    "pk": 167,
    "fields": {
        "subject": 3,
        "name": "Din ve Sosyal Değişim",
        "sub_category": "Din Kültürü"
    }
},
{
    "model": "exams_app.topic",
    "pk": 168,
    "fields": {
        "subject": 3,
        "name": "Din ve Ekonomi",
        "sub_category": "Din Kültürü"
    }
},
{
    "model": "exams_app.topic",
    "pk": 169,
    "fields": {
        "subject": 3,
        "name": "Din ve Sosyal Adalet",
        "sub_category": "Din Kültürü"
    }
},
{
    "model": "exams_app.topic",
    "pk": 170,
    "fields": {
        "subject": 3,
        "name": "İslam Ahlakı",
        "sub_category": "Din Kültürü"
    }
},
{
    "model": "exams_app.topic",
    "pk": 171,
    "fields": {
        "subject": 3,
        "name": "Dinî Yorum Farklılıklarının Sebepleri",
        "sub_category": "Din Kültürü"
    }
},
{
    "model": "exams_app.topic",
    "pk": 172,
    "fields": {
        "subject": 3,
        "name": "Dinî Yorumlarla İlgili Bazı Kavramlar",
        "sub_category": "Din Kültürü"
    }
},
{
    "model": "exams_app.topic",
    "pk": 173,
    "fields": {
        "subject": 3,
        "name": "İslam Düşüncesinde İtikadi ve Siyasi Yorumlar",
        "sub_category": "Din Kültürü"
    }
},
{
    "model": "exams_app.topic",
    "pk": 174,
    "fields": {
        "subject": 3,
        "name": "İslam Düşüncesinde Fıkhi Yorumlar",
        "sub_category": "Din Kültürü"
    }
},
{
    "model": "exams_app.topic",
    "pk": 175,
    "fields": {
        "subject": 4,
        "name": "Fizik Bilimine Giriş",
        "sub_category": "Fizik"
    }
},
{
    "model": "exams_app.topic",
    "pk": 176,
    "fields": {
        "subject": 4,
        "name": "Madde ve Özellikleri",
        "sub_category": "Fizik"
    }
},
{
    "model": "exams_app.topic",
    "pk": 177,
    "fields": {
        "subject": 4,
        "name": "Hareket ve Kuvvet",
        "sub_category": "Fizik"
    }
},
{
    "model": "exams_app.topic",
    "pk": 178,
    "fields": {
        "subject": 4,
        "name": "İş, Güç ve Enerji I",
        "sub_category": "Fizik"
    }
},
{
    "model": "exams_app.topic",
    "pk": 179,
    "fields": {
        "subject": 4,
        "name": "Isı, Sıcaklık ve Genleşme",
        "sub_category": "Fizik"
    }
},
{
    "model": "exams_app.topic",
    "pk": 180,
    "fields": {
        "subject": 4,
        "name": "Dinamik",
        "sub_category": "Fizik"
    }
},
{
    "model": "exams_app.topic",
    "pk": 181,
    "fields": {
        "subject": 4,
        "name": "İş, Güç ve Enerji II",
        "sub_category": "Fizik"
    }
},
{
    "model": "exams_app.topic",
    "pk": 182,
    "fields": {
        "subject": 4,
        "name": "Elektrostatik",
        "sub_category": "Fizik"
    }
},
{
    "model": "exams_app.topic",
    "pk": 183,
    "fields": {
        "subject": 4,
        "name": "Elektrik ve Manyetizma",
        "sub_category": "Fizik"
    }
},
{
    "model": "exams_app.topic",
    "pk": 184,
    "fields": {
        "subject": 4,
        "name": "Basınç",
        "sub_category": "Fizik"
    }
},
{
    "model": "exams_app.topic",
    "pk": 185,
    "fields": {
        "subject": 4,
        "name": "Kaldırma Kuvveti",
        "sub_category": "Fizik"
    }
},
{
    "model": "exams_app.topic",
    "pk": 186,
    "fields": {
        "subject": 4,
        "name": "Dalgalar",
        "sub_category": "Fizik"
    }
},
{
    "model": "exams_app.topic",
    "pk": 187,
    "fields": {
        "subject": 4,
        "name": "Optik",
        "sub_category": "Fizik"
    }
},
{
    "model": "exams_app.topic",
    "pk": 188,
    "fields": {
        "subject": 4,
        "name": "Kimya Bilimi",
        "sub_category": "Kimya"
    }
},
{
    "model": "exams_app.topic",
    "pk": 189,
    "fields": {
        "subject": 4,
        "name": "Atomun Yapısı",
        "sub_category": "Kimya"
    }
},
{
    "model": "exams_app.topic",
    "pk": 190,
    "fields": {
        "subject": 4,
        "name": "Periyodik Sistem",
        "sub_category": "Kimya"
    }
},
{
    "model": "exams_app.topic",
    "pk": 191,
    "fields": {
        "subject": 4,
        "name": "Maddenin Halleri",
        "sub_category": "Kimya"
    }
},
{
    "model": "exams_app.topic",
    "pk": 192,
    "fields": {
        "subject": 4,
        "name": "Kimyasal Türler Arası Etkileşimler",
        "sub_category": "Kimya"
    }
},
{
    "model": "exams_app.topic",
    "pk": 193,
    "fields": {
        "subject": 4,
        "name": "Kimyasal Hesaplamalar",
        "sub_category": "Kimya"
    }
},
{
    "model": "exams_app.topic",
    "pk": 194,
    "fields": {
        "subject": 4,
        "name": "Kimyanın Temel Kanunları",
        "sub_category": "Kimya"
    }
},
{
    "model": "exams_app.topic",
    "pk": 195,
    "fields": {
        "subject": 4,
        "name": "Asit, Baz ve Tuz",
        "sub_category": "Kimya"
    }
},
{
    "model": "exams_app.topic",
    "pk": 196,
    "fields": {
        "subject": 4,
        "name": "Karışımlar",
        "sub_category": "Kimya"
    }
},
{
    "model": "exams_app.topic",
    "pk": 197,
    "fields": {
        "subject": 4,
        "name": "Endüstride ve Canlılarda Enerji",
        "sub_category": "Kimya"
    }
},
{
    "model": "exams_app.topic",
    "pk": 198,
    "fields": {
        "subject": 4,
        "name": "Kimya Her Yerde",
        "sub_category": "Kimya"
    }
},
{
    "model": "exams_app.topic",
    "pk": 199,
    "fields": {
        "subject": 4,
        "name": "Canlıların Ortak Özellikleri",
        "sub_category": "Biyoloji"
    }
},
{
    "model": "exams_app.topic",
    "pk": 200,
    "fields": {
        "subject": 4,
        "name": "Canlıların Temel Bileşenleri",
        "sub_category": "Biyoloji"
    }
},
{
    "model": "exams_app.topic",
    "pk": 201,
    "fields": {
        "subject": 4,
        "name": "Hücre ve Organelleri",
        "sub_category": "Biyoloji"
    }
},
{
    "model": "exams_app.topic",
    "pk": 202,
    "fields": {
        "subject": 4,
        "name": "Hücre Zarından Madde Geçişi",
        "sub_category": "Biyoloji"
    }
},
{
    "model": "exams_app.topic",
    "pk": 203,
    "fields": {
        "subject": 4,
        "name": "Canlıların Sınıflandırılması",
        "sub_category": "Biyoloji"
    }
},
{
    "model": "exams_app.topic",
    "pk": 204,
    "fields": {
        "subject": 4,
        "name": "Mitoz ve Eşeysiz Üreme",
        "sub_category": "Biyoloji"
    }
},
{
    "model": "exams_app.topic",
    "pk": 205,
    "fields": {
        "subject": 4,
        "name": "Mayoz ve Eşeyli Üreme",
        "sub_category": "Biyoloji"
    }
},
{
    "model": "exams_app.topic",
    "pk": 206,
    "fields": {
        "subject": 4,
        "name": "Kalıtım",
        "sub_category": "Biyoloji"
    }
},
{
    "model": "exams_app.topic",
    "pk": 207,
    "fields": {
        "subject": 4,
        "name": "Ekosistem Ekolojisi",
        "sub_category": "Biyoloji"
    }
},
{
    "model": "exams_app.topic",
    "pk": 208,
    "fields": {
        "subject": 4,
        "name": "Güncel Çevre Sorunları",
        "sub_category": "Biyoloji"
    }
},
{
    "model": "exams_app.topic",
    "pk": 209,
    "fields": {
        "subject": 1,
        "name": "Cümlede Anlam",
        "sub_category": ""
    }
},
{
    "model": "exams_app.topic",
    "pk": 210,
    "fields": {
        "subject": 1,
        "name": "Ses Bilgisi",
        "sub_category": ""
    }
},
{
    "model": "exams_app.topic",
    "pk": 211,
    "fields": {
        "subject": 1,
        "name": "Yazım Kuralları",
        "sub_category": ""
    }
},
{
    "model": "exams_app.topic",
    "pk": 212,
    "fields": {
        "subject": 1,
        "name": "Noktalama İşaretleri",
        "sub_category": ""
    }
},
{
    "model": "exams_app.topic",
    "pk": 213,
    "fields": {
        "subject": 2,
        "name": "Temel Kavramlar",
        "sub_category": ""
    }
},
{
    "model": "exams_app.topic",
    "pk": 214,
    "fields": {
        "subject": 2,
        "name": "Sayı Basamakları",
        "sub_category": ""
    }
},
{
    "model": "exams_app.topic",
    "pk": 215,
    "fields": {
        "subject": 5,
        "name": "Fizik Bilimine Giriş",
        "sub_category": ""
    }
},
{
    "model": "exams_app.topic",
    "pk": 216,
    "fields": {
        "subject": 5,
        "name": "Madde ve Özellikleri",
        "sub_category": ""
    }
},
{
    "model": "exams_app.topic",
    "pk": 217,
    "fields": {
        "subject": 5,
        "name": "Hareket ve Kuvvet",
        "sub_category": ""
    }
},
{
    "model": "exams_app.topic",
    "pk": 218,
    "fields": {
        "subject": 5,
        "name": "İş, Güç ve Enerji I",
        "sub_category": ""
    }
},
{
    "model": "exams_app.topic",
    "pk": 219,
    "fields": {
        "subject": 5,
        "name": "Isı, Sıcaklık ve Genleşme",
        "sub_category": ""
    }
},
{
    "model": "exams_app.topic",
    "pk": 220,
    "fields": {
        "subject": 5,
        "name": "Dinamik",
        "sub_category": ""
    }
},
{
    "model": "exams_app.topic",
    "pk": 221,
    "fields": {
        "subject": 5,
        "name": "İş, Güç ve Enerji II",
        "sub_category": ""
    }
},
{
    "model": "exams_app.topic",
    "pk": 222,
    "fields": {
        "subject": 5,
        "name": "Elektrostatik",
        "sub_category": ""
    }
},
{
    "model": "exams_app.topic",
    "pk": 223,
    "fields": {
        "subject": 5,
        "name": "Elektrik ve Manyetizma",
        "sub_category": ""
    }
},
{
    "model": "exams_app.topic",
    "pk": 224,
    "fields": {
        "subject": 5,
        "name": "Basınç",
        "sub_category": ""
    }
},
{
    "model": "exams_app.topic",
    "pk": 225,
    "fields": {
        "subject": 5,
        "name": "Kaldırma Kuvveti",
        "sub_category": ""
    }
},
{
    "model": "exams_app.topic",
    "pk": 226,
    "fields": {
        "subject": 5,
        "name": "Dalgalar",
        "sub_category": ""
    }
},
{
    "model": "exams_app.topic",
    "pk": 227,
    "fields": {
        "subject": 5,
        "name": "Optik",
        "sub_category": ""
    }
},
{
    "model": "exams_app.topic",
    "pk": 228,
    "fields": {
        "subject": 6,
        "name": "Kimya Bilimi",
        "sub_category": ""
    }
},
{
    "model": "exams_app.topic",
    "pk": 229,
    "fields": {
        "subject": 6,
        "name": "Atomun Yapısı",
        "sub_category": ""
    }
},
{
    "model": "exams_app.topic",
    "pk": 230,
    "fields": {
        "subject": 6,
        "name": "Periyodik Sistem",
        "sub_category": ""
    }
},
{
    "model": "exams_app.topic",
    "pk": 231,
    "fields": {
        "subject": 6,
        "name": "Maddenin Halleri",
        "sub_category": ""
    }
},
{
    "model": "exams_app.topic",
    "pk": 232,
    "fields": {
        "subject": 6,
        "name": "Kimyasal Türler Arası Etkileşimler",
        "sub_category": ""
    }
},
{
    "model": "exams_app.topic",
    "pk": 233,
    "fields": {
        "subject": 6,
        "name": "Kimyasal Hesaplamalar",
        "sub_category": ""
    }
},
{
    "model": "exams_app.topic",
    "pk": 234,
    "fields": {
        "subject": 6,
        "name": "Kimyanın Temel Kanunları",
        "sub_category": ""
    }
},
{
    "model": "exams_app.topic",
    "pk": 235,
    "fields": {
        "subject": 6,
        "name": "Asit, Baz ve Tuz",
        "sub_category": ""
    }
},
{
    "model": "exams_app.topic",
    "pk": 236,
    "fields": {
        "subject": 6,
        "name": "Karışımlar",
        "sub_category": ""
    }
},
{
    "model": "exams_app.topic",
    "pk": 237,
    "fields": {
        "subject": 6,
        "name": "Endüstride ve Canlılarda Enerji",
        "sub_category": ""
    }
},
{
    "model": "exams_app.topic",
    "pk": 238,
    "fields": {
        "subject": 6,
        "name": "Kimya Her Yerde",
        "sub_category": ""
    }
},
{
    "model": "exams_app.topic",
    "pk": 239,
    "fields": {
        "subject": 7,
        "name": "Canlıların Ortak Özellikleri",
        "sub_category": ""
    }
},
{
    "model": "exams_app.topic",
    "pk": 240,
    "fields": {
        "subject": 7,
        "name": "Canlıların Temel Bileşenleri",
        "sub_category": ""
    }
},
{
    "model": "exams_app.topic",
    "pk": 241,
    "fields": {
        "subject": 7,
        "name": "Hücre ve Organelleri",
        "sub_category": ""
    }
},
{
    "model": "exams_app.topic",
    "pk": 242,
    "fields": {
        "subject": 7,
        "name": "Hücre Zarından Madde Geçişi",
        "sub_category": ""
    }
},
{
    "model": "exams_app.topic",
    "pk": 243,
    "fields": {
        "subject": 7,
        "name": "Canlıların Sınıflandırılması",
        "sub_category": ""
    }
},
{
    "model": "exams_app.topic",
    "pk": 244,
    "fields": {
        "subject": 7,
        "name": "Mitoz ve Eşeysiz Üreme",
        "sub_category": ""
    }
},
{
    "model": "exams_app.topic",
    "pk": 245,
    "fields": {
        "subject": 7,
        "name": "Mayoz ve Eşeyli Üreme",
        "sub_category": ""
    }
},
{
    "model": "exams_app.topic",
    "pk": 246,
    "fields": {
        "subject": 7,
        "name": "Kalıtım",
        "sub_category": ""
    }
},
{
    "model": "exams_app.topic",
    "pk": 247,
    "fields": {
        "subject": 7,
        "name": "Ekosistem Ekolojisi",
        "sub_category": ""
    }
},
{
    "model": "exams_app.topic",
    "pk": 248,
    "fields": {
        "subject": 7,
        "name": "Güncel Çevre Sorunları",
        "sub_category": ""
    }
},
{
    "model": "exams_app.exam",
    "pk": 1,
    "fields": {
        "student": [
            "akak@gmail.com"
        ],
        "publisher": 1,
        "custom_name": "tg1.deneme",
        "exam_date": "2026-04-17",
        "duration_minutes": 148,
        "student_note": null,
        "created_at": "2026-04-28T08:28:25.435Z"
    }
},
{
    "model": "exams_app.exam",
    "pk": 2,
    "fields": {
        "student": [
            "akak@gmail.com"
        ],
        "publisher": 1,
        "custom_name": "h",
        "exam_date": "2026-04-30",
        "duration_minutes": 124,
        "student_note": null,
        "created_at": "2026-04-28T08:29:07.653Z"
    }
},
{
    "model": "exams_app.exam",
    "pk": 8,
    "fields": {
        "student": [
            "a@gmail.com"
        ],
        "publisher": 1,
        "custom_name": "1.d",
        "exam_date": "2026-04-27",
        "duration_minutes": 147,
        "student_note": null,
        "created_at": "2026-04-28T09:50:30.720Z"
    }
},
{
    "model": "exams_app.exam",
    "pk": 9,
    "fields": {
        "student": [
            "a@gmail.com"
        ],
        "publisher": 4,
        "custom_name": "4584lşl",
        "exam_date": "2026-03-06",
        "duration_minutes": 145,
        "student_note": null,
        "created_at": "2026-04-28T09:52:22.391Z"
    }
},
{
    "model": "exams_app.exam",
    "pk": 10,
    "fields": {
        "student": [
            "a@gmail.com"
        ],
        "publisher": 4,
        "custom_name": "fffff",
        "exam_date": "2026-05-02",
        "duration_minutes": null,
        "student_note": null,
        "created_at": "2026-04-28T10:03:59.541Z"
    }
},
{
    "model": "exams_app.exam",
    "pk": 11,
    "fields": {
        "student": [
            "a@gmail.com"
        ],
        "publisher": 1,
        "custom_name": "genel deneme bs",
        "exam_date": "2026-02-15",
        "duration_minutes": 145,
        "student_note": null,
        "created_at": "2026-04-30T06:44:48.412Z"
    }
},
{
    "model": "exams_app.exam",
    "pk": 12,
    "fields": {
        "student": [
            "a@gmail.com"
        ],
        "publisher": 4,
        "custom_name": "dirensunundenemesi",
        "exam_date": "2026-04-29",
        "duration_minutes": 162,
        "student_note": null,
        "created_at": "2026-04-30T07:12:26.602Z"
    }
},
{
    "model": "exams_app.exam",
    "pk": 13,
    "fields": {
        "student": [
            "a@gmail.com"
        ],
        "publisher": 1,
        "custom_name": "Son",
        "exam_date": "2026-05-07",
        "duration_minutes": null,
        "student_note": null,
        "created_at": "2026-05-07T09:46:09.882Z"
    }
},
{
    "model": "exams_app.exam",
    "pk": 14,
    "fields": {
        "student": [
            "a@gmail.com"
        ],
        "publisher": 1,
        "custom_name": "JajaJaja",
        "exam_date": "2026-05-12",
        "duration_minutes": 160,
        "student_note": null,
        "created_at": "2026-05-12T08:41:04.833Z"
    }
},
{
    "model": "exams_app.exam",
    "pk": 15,
    "fields": {
        "student": [
            "a@gmail.com"
        ],
        "publisher": 5,
        "custom_name": "Mayıs",
        "exam_date": "2026-05-18",
        "duration_minutes": 165,
        "student_note": null,
        "created_at": "2026-05-18T08:23:58.326Z"
    }
},
{
    "model": "exams_app.examresult",
    "pk": 1,
    "fields": {
        "exam": 1,
        "subject": 4,
        "correct_answers": 15,
        "wrong_answers": 0,
        "blank_answers": 0,
        "subject_duration_minutes": null,
        "net_score": 15.0
    }
},
{
    "model": "exams_app.examresult",
    "pk": 2,
    "fields": {
        "exam": 1,
        "subject": 2,
        "correct_answers": 30,
        "wrong_answers": 0,
        "blank_answers": 0,
        "subject_duration_minutes": null,
        "net_score": 30.0
    }
},
{
    "model": "exams_app.examresult",
    "pk": 3,
    "fields": {
        "exam": 1,
        "subject": 3,
        "correct_answers": 20,
        "wrong_answers": 0,
        "blank_answers": 0,
        "subject_duration_minutes": null,
        "net_score": 20.0
    }
},
{
    "model": "exams_app.examresult",
    "pk": 4,
    "fields": {
        "exam": 1,
        "subject": 1,
        "correct_answers": 18,
        "wrong_answers": 2,
        "blank_answers": 0,
        "subject_duration_minutes": null,
        "net_score": 17.5
    }
},
{
    "model": "exams_app.examresult",
    "pk": 5,
    "fields": {
        "exam": 2,
        "subject": 4,
        "correct_answers": 17,
        "wrong_answers": 0,
        "blank_answers": 2,
        "subject_duration_minutes": null,
        "net_score": 17.0
    }
},
{
    "model": "exams_app.examresult",
    "pk": 6,
    "fields": {
        "exam": 2,
        "subject": 2,
        "correct_answers": 34,
        "wrong_answers": 0,
        "blank_answers": 2,
        "subject_duration_minutes": null,
        "net_score": 34.0
    }
},
{
    "model": "exams_app.examresult",
    "pk": 7,
    "fields": {
        "exam": 2,
        "subject": 3,
        "correct_answers": 10,
        "wrong_answers": 2,
        "blank_answers": 0,
        "subject_duration_minutes": null,
        "net_score": 9.5
    }
},
{
    "model": "exams_app.examresult",
    "pk": 8,
    "fields": {
        "exam": 2,
        "subject": 1,
        "correct_answers": 13,
        "wrong_answers": 0,
        "blank_answers": 0,
        "subject_duration_minutes": null,
        "net_score": 13.0
    }
},
{
    "model": "exams_app.examresult",
    "pk": 29,
    "fields": {
        "exam": 8,
        "subject": 4,
        "correct_answers": 18,
        "wrong_answers": 2,
        "blank_answers": 0,
        "subject_duration_minutes": 25,
        "net_score": 17.5
    }
},
{
    "model": "exams_app.examresult",
    "pk": 30,
    "fields": {
        "exam": 8,
        "subject": 2,
        "correct_answers": 30,
        "wrong_answers": 7,
        "blank_answers": 3,
        "subject_duration_minutes": 65,
        "net_score": 28.25
    }
},
{
    "model": "exams_app.examresult",
    "pk": 31,
    "fields": {
        "exam": 8,
        "subject": 3,
        "correct_answers": 16,
        "wrong_answers": 0,
        "blank_answers": 4,
        "subject_duration_minutes": 15,
        "net_score": 16.0
    }
},
{
    "model": "exams_app.examresult",
    "pk": 32,
    "fields": {
        "exam": 8,
        "subject": 1,
        "correct_answers": 35,
        "wrong_answers": 0,
        "blank_answers": 5,
        "subject_duration_minutes": 60,
        "net_score": 35.0
    }
},
{
    "model": "exams_app.examresult",
    "pk": 33,
    "fields": {
        "exam": 9,
        "subject": 4,
        "correct_answers": 14,
        "wrong_answers": 2,
        "blank_answers": 4,
        "subject_duration_minutes": null,
        "net_score": 13.5
    }
},
{
    "model": "exams_app.examresult",
    "pk": 34,
    "fields": {
        "exam": 9,
        "subject": 2,
        "correct_answers": 35,
        "wrong_answers": 5,
        "blank_answers": 0,
        "subject_duration_minutes": null,
        "net_score": 33.75
    }
},
{
    "model": "exams_app.examresult",
    "pk": 35,
    "fields": {
        "exam": 9,
        "subject": 3,
        "correct_answers": 13,
        "wrong_answers": 7,
        "blank_answers": 0,
        "subject_duration_minutes": null,
        "net_score": 11.25
    }
},
{
    "model": "exams_app.examresult",
    "pk": 36,
    "fields": {
        "exam": 9,
        "subject": 1,
        "correct_answers": 31,
        "wrong_answers": 4,
        "blank_answers": 5,
        "subject_duration_minutes": null,
        "net_score": 30.0
    }
},
{
    "model": "exams_app.examresult",
    "pk": 37,
    "fields": {
        "exam": 10,
        "subject": 4,
        "correct_answers": 14,
        "wrong_answers": 4,
        "blank_answers": 2,
        "subject_duration_minutes": 15,
        "net_score": 13.0
    }
},
{
    "model": "exams_app.examresult",
    "pk": 38,
    "fields": {
        "exam": 10,
        "subject": 2,
        "correct_answers": 35,
        "wrong_answers": 2,
        "blank_answers": 3,
        "subject_duration_minutes": 80,
        "net_score": 34.5
    }
},
{
    "model": "exams_app.examresult",
    "pk": 39,
    "fields": {
        "exam": 10,
        "subject": 3,
        "correct_answers": 16,
        "wrong_answers": 2,
        "blank_answers": 2,
        "subject_duration_minutes": 10,
        "net_score": 15.5
    }
},
{
    "model": "exams_app.examresult",
    "pk": 40,
    "fields": {
        "exam": 10,
        "subject": 1,
        "correct_answers": 32,
        "wrong_answers": 3,
        "blank_answers": 5,
        "subject_duration_minutes": 60,
        "net_score": 31.25
    }
},
{
    "model": "exams_app.examresult",
    "pk": 41,
    "fields": {
        "exam": 11,
        "subject": 4,
        "correct_answers": 15,
        "wrong_answers": 2,
        "blank_answers": 3,
        "subject_duration_minutes": null,
        "net_score": 14.5
    }
},
{
    "model": "exams_app.examresult",
    "pk": 42,
    "fields": {
        "exam": 11,
        "subject": 2,
        "correct_answers": 35,
        "wrong_answers": 4,
        "blank_answers": 1,
        "subject_duration_minutes": null,
        "net_score": 34.0
    }
},
{
    "model": "exams_app.examresult",
    "pk": 43,
    "fields": {
        "exam": 11,
        "subject": 3,
        "correct_answers": 15,
        "wrong_answers": 4,
        "blank_answers": 1,
        "subject_duration_minutes": null,
        "net_score": 14.0
    }
},
{
    "model": "exams_app.examresult",
    "pk": 44,
    "fields": {
        "exam": 11,
        "subject": 1,
        "correct_answers": 34,
        "wrong_answers": 3,
        "blank_answers": 3,
        "subject_duration_minutes": null,
        "net_score": 33.25
    }
},
{
    "model": "exams_app.examresult",
    "pk": 45,
    "fields": {
        "exam": 12,
        "subject": 4,
        "correct_answers": 16,
        "wrong_answers": 1,
        "blank_answers": 3,
        "subject_duration_minutes": 15,
        "net_score": 15.75
    }
},
{
    "model": "exams_app.examresult",
    "pk": 46,
    "fields": {
        "exam": 12,
        "subject": 2,
        "correct_answers": 32,
        "wrong_answers": 1,
        "blank_answers": 7,
        "subject_duration_minutes": 80,
        "net_score": 31.75
    }
},
{
    "model": "exams_app.examresult",
    "pk": 47,
    "fields": {
        "exam": 12,
        "subject": 3,
        "correct_answers": 18,
        "wrong_answers": 1,
        "blank_answers": 1,
        "subject_duration_minutes": 15,
        "net_score": 17.75
    }
},
{
    "model": "exams_app.examresult",
    "pk": 48,
    "fields": {
        "exam": 12,
        "subject": 1,
        "correct_answers": 35,
        "wrong_answers": 2,
        "blank_answers": 3,
        "subject_duration_minutes": 50,
        "net_score": 34.5
    }
},
{
    "model": "exams_app.examresult",
    "pk": 49,
    "fields": {
        "exam": 13,
        "subject": 7,
        "correct_answers": 6,
        "wrong_answers": 0,
        "blank_answers": 0,
        "subject_duration_minutes": null,
        "net_score": 6.0
    }
},
{
    "model": "exams_app.examresult",
    "pk": 50,
    "fields": {
        "exam": 13,
        "subject": 5,
        "correct_answers": 7,
        "wrong_answers": 0,
        "blank_answers": 0,
        "subject_duration_minutes": null,
        "net_score": 7.0
    }
},
{
    "model": "exams_app.examresult",
    "pk": 51,
    "fields": {
        "exam": 13,
        "subject": 6,
        "correct_answers": 7,
        "wrong_answers": 0,
        "blank_answers": 0,
        "subject_duration_minutes": null,
        "net_score": 7.0
    }
},
{
    "model": "exams_app.examresult",
    "pk": 52,
    "fields": {
        "exam": 13,
        "subject": 2,
        "correct_answers": 30,
        "wrong_answers": 0,
        "blank_answers": 10,
        "subject_duration_minutes": null,
        "net_score": 30.0
    }
},
{
    "model": "exams_app.examresult",
    "pk": 53,
    "fields": {
        "exam": 13,
        "subject": 3,
        "correct_answers": 15,
        "wrong_answers": 0,
        "blank_answers": 5,
        "subject_duration_minutes": null,
        "net_score": 15.0
    }
},
{
    "model": "exams_app.examresult",
    "pk": 54,
    "fields": {
        "exam": 13,
        "subject": 1,
        "correct_answers": 35,
        "wrong_answers": 0,
        "blank_answers": 5,
        "subject_duration_minutes": null,
        "net_score": 35.0
    }
},
{
    "model": "exams_app.examresult",
    "pk": 55,
    "fields": {
        "exam": 14,
        "subject": 7,
        "correct_answers": 5,
        "wrong_answers": 1,
        "blank_answers": 0,
        "subject_duration_minutes": 10,
        "net_score": 4.75
    }
},
{
    "model": "exams_app.examresult",
    "pk": 56,
    "fields": {
        "exam": 14,
        "subject": 5,
        "correct_answers": 5,
        "wrong_answers": 1,
        "blank_answers": 1,
        "subject_duration_minutes": 50,
        "net_score": 4.75
    }
},
{
    "model": "exams_app.examresult",
    "pk": 57,
    "fields": {
        "exam": 14,
        "subject": 6,
        "correct_answers": 7,
        "wrong_answers": 0,
        "blank_answers": 0,
        "subject_duration_minutes": null,
        "net_score": 7.0
    }
},
{
    "model": "exams_app.examresult",
    "pk": 58,
    "fields": {
        "exam": 14,
        "subject": 2,
        "correct_answers": 35,
        "wrong_answers": 4,
        "blank_answers": 1,
        "subject_duration_minutes": null,
        "net_score": 34.0
    }
},
{
    "model": "exams_app.examresult",
    "pk": 59,
    "fields": {
        "exam": 14,
        "subject": 3,
        "correct_answers": 19,
        "wrong_answers": 1,
        "blank_answers": 0,
        "subject_duration_minutes": null,
        "net_score": 18.75
    }
},
{
    "model": "exams_app.examresult",
    "pk": 60,
    "fields": {
        "exam": 14,
        "subject": 1,
        "correct_answers": 32,
        "wrong_answers": 6,
        "blank_answers": 2,
        "subject_duration_minutes": null,
        "net_score": 30.5
    }
},
{
    "model": "exams_app.examresult",
    "pk": 61,
    "fields": {
        "exam": 15,
        "subject": 7,
        "correct_answers": 5,
        "wrong_answers": 1,
        "blank_answers": 0,
        "subject_duration_minutes": null,
        "net_score": 4.75
    }
},
{
    "model": "exams_app.examresult",
    "pk": 62,
    "fields": {
        "exam": 15,
        "subject": 5,
        "correct_answers": 6,
        "wrong_answers": 1,
        "blank_answers": 0,
        "subject_duration_minutes": null,
        "net_score": 5.75
    }
},
{
    "model": "exams_app.examresult",
    "pk": 63,
    "fields": {
        "exam": 15,
        "subject": 6,
        "correct_answers": 7,
        "wrong_answers": 0,
        "blank_answers": 0,
        "subject_duration_minutes": null,
        "net_score": 7.0
    }
},
{
    "model": "exams_app.examresult",
    "pk": 64,
    "fields": {
        "exam": 15,
        "subject": 2,
        "correct_answers": 35,
        "wrong_answers": 4,
        "blank_answers": 1,
        "subject_duration_minutes": null,
        "net_score": 34.0
    }
},
{
    "model": "exams_app.examresult",
    "pk": 65,
    "fields": {
        "exam": 15,
        "subject": 3,
        "correct_answers": 18,
        "wrong_answers": 2,
        "blank_answers": 0,
        "subject_duration_minutes": null,
        "net_score": 17.5
    }
},
{
    "model": "exams_app.examresult",
    "pk": 66,
    "fields": {
        "exam": 15,
        "subject": 1,
        "correct_answers": 35,
        "wrong_answers": 5,
        "blank_answers": 0,
        "subject_duration_minutes": null,
        "net_score": 33.75
    }
},
{
    "model": "exams_app.examtopicerror",
    "pk": 66,
    "fields": {
        "exam": 8,
        "topic": 189,
        "wrong_count": 1,
        "blank_count": 0
    }
},
{
    "model": "exams_app.examtopicerror",
    "pk": 67,
    "fields": {
        "exam": 8,
        "topic": 194,
        "wrong_count": 1,
        "blank_count": 0
    }
},
{
    "model": "exams_app.examtopicerror",
    "pk": 68,
    "fields": {
        "exam": 8,
        "topic": 177,
        "wrong_count": 1,
        "blank_count": 0
    }
},
{
    "model": "exams_app.examtopicerror",
    "pk": 69,
    "fields": {
        "exam": 8,
        "topic": 185,
        "wrong_count": 1,
        "blank_count": 0
    }
},
{
    "model": "exams_app.examtopicerror",
    "pk": 70,
    "fields": {
        "exam": 8,
        "topic": 201,
        "wrong_count": 1,
        "blank_count": 0
    }
},
{
    "model": "exams_app.examtopicerror",
    "pk": 71,
    "fields": {
        "exam": 8,
        "topic": 94,
        "wrong_count": 1,
        "blank_count": 0
    }
},
{
    "model": "exams_app.examtopicerror",
    "pk": 72,
    "fields": {
        "exam": 8,
        "topic": 31,
        "wrong_count": 4,
        "blank_count": 0
    }
},
{
    "model": "exams_app.examtopicerror",
    "pk": 73,
    "fields": {
        "exam": 9,
        "topic": 185,
        "wrong_count": 3,
        "blank_count": 0
    }
},
{
    "model": "exams_app.examtopicerror",
    "pk": 74,
    "fields": {
        "exam": 9,
        "topic": 176,
        "wrong_count": 3,
        "blank_count": 0
    }
},
{
    "model": "exams_app.examtopicerror",
    "pk": 75,
    "fields": {
        "exam": 11,
        "topic": 203,
        "wrong_count": 1,
        "blank_count": 1
    }
},
{
    "model": "exams_app.examtopicerror",
    "pk": 76,
    "fields": {
        "exam": 11,
        "topic": 175,
        "wrong_count": 1,
        "blank_count": 0
    }
},
{
    "model": "exams_app.examtopicerror",
    "pk": 77,
    "fields": {
        "exam": 11,
        "topic": 179,
        "wrong_count": 1,
        "blank_count": 0
    }
},
{
    "model": "exams_app.examtopicerror",
    "pk": 78,
    "fields": {
        "exam": 11,
        "topic": 194,
        "wrong_count": 0,
        "blank_count": 1
    }
},
{
    "model": "exams_app.examtopicerror",
    "pk": 79,
    "fields": {
        "exam": 11,
        "topic": 191,
        "wrong_count": 0,
        "blank_count": 1
    }
},
{
    "model": "exams_app.examtopicerror",
    "pk": 80,
    "fields": {
        "exam": 12,
        "topic": 199,
        "wrong_count": 1,
        "blank_count": 0
    }
},
{
    "model": "exams_app.examtopicerror",
    "pk": 81,
    "fields": {
        "exam": 12,
        "topic": 184,
        "wrong_count": 0,
        "blank_count": 1
    }
},
{
    "model": "exams_app.examtopicerror",
    "pk": 82,
    "fields": {
        "exam": 12,
        "topic": 197,
        "wrong_count": 0,
        "blank_count": 1
    }
},
{
    "model": "exams_app.examtopicerror",
    "pk": 83,
    "fields": {
        "exam": 12,
        "topic": 195,
        "wrong_count": 0,
        "blank_count": 1
    }
},
{
    "model": "exams_app.examtopicerror",
    "pk": 84,
    "fields": {
        "exam": 14,
        "topic": 239,
        "wrong_count": 1,
        "blank_count": 0
    }
},
{
    "model": "exams_app.examtopicerror",
    "pk": 85,
    "fields": {
        "exam": 14,
        "topic": 226,
        "wrong_count": 1,
        "blank_count": 0
    }
},
{
    "model": "exams_app.examtopicerror",
    "pk": 86,
    "fields": {
        "exam": 14,
        "topic": 217,
        "wrong_count": 0,
        "blank_count": 1
    }
},
{
    "model": "exams_app.examtopicerror",
    "pk": 87,
    "fields": {
        "exam": 14,
        "topic": 19,
        "wrong_count": 1,
        "blank_count": 0
    }
},
{
    "model": "exams_app.examtopicerror",
    "pk": 88,
    "fields": {
        "exam": 14,
        "topic": 92,
        "wrong_count": 1,
        "blank_count": 0
    }
},
{
    "model": "exams_app.examtopicerror",
    "pk": 89,
    "fields": {
        "exam": 14,
        "topic": 79,
        "wrong_count": 1,
        "blank_count": 0
    }
},
{
    "model": "exams_app.examtopicerror",
    "pk": 90,
    "fields": {
        "exam": 14,
        "topic": 30,
        "wrong_count": 1,
        "blank_count": 0
    }
},
{
    "model": "exams_app.examtopicerror",
    "pk": 91,
    "fields": {
        "exam": 14,
        "topic": 83,
        "wrong_count": 0,
        "blank_count": 1
    }
},
{
    "model": "exams_app.examtopicerror",
    "pk": 95,
    "fields": {
        "exam": 15,
        "topic": 78,
        "wrong_count": 2,
        "blank_count": 0
    }
},
{
    "model": "exams_app.examtopicerror",
    "pk": 96,
    "fields": {
        "exam": 15,
        "topic": 81,
        "wrong_count": 1,
        "blank_count": 0
    }
},
{
    "model": "exams_app.examtopicerror",
    "pk": 97,
    "fields": {
        "exam": 15,
        "topic": 15,
        "wrong_count": 1,
        "blank_count": 0
    }
},
{
    "model": "exams_app.studenttask",
    "pk": 138,
    "fields": {
        "student": [
            "a@gmail.com"
        ],
        "topic": 31,
        "task_source": "trial",
        "assigned_by_coach": false,
        "is_completed": true,
        "created_at": "2026-05-01T06:41:52.447Z",
        "completed_at": "2026-05-01T06:41:52.446Z",
        "repetition_count": 2,
        "easiness_factor": 2.46,
        "interval_days": 6,
        "next_review_date": "2026-05-22"
    }
},
{
    "model": "exams_app.studenttask",
    "pk": 139,
    "fields": {
        "student": [
            "a@gmail.com"
        ],
        "topic": 185,
        "task_source": "trial",
        "assigned_by_coach": false,
        "is_completed": true,
        "created_at": "2026-05-01T06:41:52.551Z",
        "completed_at": "2026-05-01T06:41:52.550Z",
        "repetition_count": 1,
        "easiness_factor": 2.6,
        "interval_days": 1,
        "next_review_date": "2026-05-16"
    }
},
{
    "model": "exams_app.studenttask",
    "pk": 140,
    "fields": {
        "student": [
            "a@gmail.com"
        ],
        "topic": 176,
        "task_source": "trial",
        "assigned_by_coach": false,
        "is_completed": true,
        "created_at": "2026-05-01T06:41:52.679Z",
        "completed_at": "2026-05-01T06:41:52.677Z",
        "repetition_count": 0,
        "easiness_factor": 2.5,
        "interval_days": 0,
        "next_review_date": "2026-05-02"
    }
},
{
    "model": "exams_app.studenttask",
    "pk": 141,
    "fields": {
        "student": [
            "a@gmail.com"
        ],
        "topic": 194,
        "task_source": "trial",
        "assigned_by_coach": false,
        "is_completed": true,
        "created_at": "2026-05-01T06:41:52.813Z",
        "completed_at": "2026-05-01T06:41:52.812Z",
        "repetition_count": 0,
        "easiness_factor": 2.5,
        "interval_days": 0,
        "next_review_date": "2026-05-02"
    }
},
{
    "model": "exams_app.studenttask",
    "pk": 142,
    "fields": {
        "student": [
            "a@gmail.com"
        ],
        "topic": 203,
        "task_source": "trial",
        "assigned_by_coach": false,
        "is_completed": true,
        "created_at": "2026-05-01T06:41:52.941Z",
        "completed_at": "2026-05-01T06:41:52.939Z",
        "repetition_count": 0,
        "easiness_factor": 2.5,
        "interval_days": 0,
        "next_review_date": "2026-05-02"
    }
},
{
    "model": "exams_app.studenttask",
    "pk": 143,
    "fields": {
        "student": [
            "a@gmail.com"
        ],
        "topic": 94,
        "task_source": "trial",
        "assigned_by_coach": false,
        "is_completed": true,
        "created_at": "2026-05-01T06:41:53.070Z",
        "completed_at": "2026-05-01T06:41:53.069Z",
        "repetition_count": 0,
        "easiness_factor": 2.5,
        "interval_days": 0,
        "next_review_date": "2026-05-02"
    }
},
{
    "model": "exams_app.studenttask",
    "pk": 144,
    "fields": {
        "student": [
            "a@gmail.com"
        ],
        "topic": 175,
        "task_source": "trial",
        "assigned_by_coach": false,
        "is_completed": true,
        "created_at": "2026-05-01T06:41:53.203Z",
        "completed_at": "2026-05-01T06:41:53.201Z",
        "repetition_count": 0,
        "easiness_factor": 2.5,
        "interval_days": 0,
        "next_review_date": "2026-05-02"
    }
},
{
    "model": "exams_app.studenttask",
    "pk": 145,
    "fields": {
        "student": [
            "a@gmail.com"
        ],
        "topic": 177,
        "task_source": "trial",
        "assigned_by_coach": false,
        "is_completed": true,
        "created_at": "2026-05-01T06:41:53.331Z",
        "completed_at": "2026-05-01T06:41:53.330Z",
        "repetition_count": 0,
        "easiness_factor": 2.5,
        "interval_days": 0,
        "next_review_date": "2026-05-02"
    }
},
{
    "model": "exams_app.studenttask",
    "pk": 146,
    "fields": {
        "student": [
            "a@gmail.com"
        ],
        "topic": 179,
        "task_source": "trial",
        "assigned_by_coach": false,
        "is_completed": true,
        "created_at": "2026-05-01T06:41:53.548Z",
        "completed_at": "2026-05-01T06:41:53.547Z",
        "repetition_count": 0,
        "easiness_factor": 2.5,
        "interval_days": 0,
        "next_review_date": "2026-05-02"
    }
},
{
    "model": "exams_app.studenttask",
    "pk": 147,
    "fields": {
        "student": [
            "a@gmail.com"
        ],
        "topic": 184,
        "task_source": "trial",
        "assigned_by_coach": false,
        "is_completed": true,
        "created_at": "2026-05-01T06:41:54.066Z",
        "completed_at": "2026-05-01T06:41:54.065Z",
        "repetition_count": 0,
        "easiness_factor": 2.5,
        "interval_days": 0,
        "next_review_date": "2026-05-02"
    }
},
{
    "model": "exams_app.studenttask",
    "pk": 148,
    "fields": {
        "student": [
            "a@gmail.com"
        ],
        "topic": 189,
        "task_source": "trial",
        "assigned_by_coach": true,
        "is_completed": true,
        "created_at": "2026-05-04T14:41:19.359Z",
        "completed_at": "2026-05-07T06:28:51.391Z",
        "repetition_count": 1,
        "easiness_factor": 2.36,
        "interval_days": 1,
        "next_review_date": "2026-05-17"
    }
},
{
    "model": "exams_app.studenttask",
    "pk": 149,
    "fields": {
        "student": [
            "a@gmail.com"
        ],
        "topic": 191,
        "task_source": "trial",
        "assigned_by_coach": true,
        "is_completed": true,
        "created_at": "2026-05-04T14:41:19.874Z",
        "completed_at": "2026-05-15T09:55:47.116Z",
        "repetition_count": 0,
        "easiness_factor": 2.5,
        "interval_days": 0,
        "next_review_date": "2026-05-16"
    }
},
{
    "model": "exams_app.studenttask",
    "pk": 150,
    "fields": {
        "student": [
            "a@gmail.com"
        ],
        "topic": 8,
        "task_source": "trial",
        "assigned_by_coach": false,
        "is_completed": true,
        "created_at": "2026-05-16T20:37:55.019Z",
        "completed_at": "2026-05-16T20:38:05.631Z",
        "repetition_count": 0,
        "easiness_factor": 2.5,
        "interval_days": 0,
        "next_review_date": "2026-05-17"
    }
},
{
    "model": "exams_app.studenttask",
    "pk": 151,
    "fields": {
        "student": [
            "a@gmail.com"
        ],
        "topic": 76,
        "task_source": "trial",
        "assigned_by_coach": false,
        "is_completed": true,
        "created_at": "2026-05-16T20:37:55.964Z",
        "completed_at": "2026-05-16T20:38:05.159Z",
        "repetition_count": 0,
        "easiness_factor": 2.5,
        "interval_days": 0,
        "next_review_date": "2026-05-17"
    }
},
{
    "model": "exams_app.studenttask",
    "pk": 153,
    "fields": {
        "student": [
            "a@gmail.com"
        ],
        "topic": 8,
        "task_source": "branch",
        "assigned_by_coach": false,
        "is_completed": false,
        "created_at": "2026-05-16T20:44:38.060Z",
        "completed_at": null,
        "repetition_count": 0,
        "easiness_factor": 2.5,
        "interval_days": 0,
        "next_review_date": null
    }
},
{
    "model": "exams_app.studenttask",
    "pk": 156,
    "fields": {
        "student": [
            "a@gmail.com"
        ],
        "topic": 133,
        "task_source": "branch",
        "assigned_by_coach": true,
        "is_completed": false,
        "created_at": "2026-05-16T20:56:03.500Z",
        "completed_at": null,
        "repetition_count": 0,
        "easiness_factor": 2.5,
        "interval_days": 0,
        "next_review_date": null
    }
},
{
    "model": "exams_app.studenttask",
    "pk": 157,
    "fields": {
        "student": [
            "a@gmail.com"
        ],
        "topic": 155,
        "task_source": "branch",
        "assigned_by_coach": true,
        "is_completed": false,
        "created_at": "2026-05-16T20:56:03.895Z",
        "completed_at": null,
        "repetition_count": 0,
        "easiness_factor": 2.5,
        "interval_days": 0,
        "next_review_date": null
    }
},
{
    "model": "exams_app.studenttask",
    "pk": 158,
    "fields": {
        "student": [
            "a@gmail.com"
        ],
        "topic": 19,
        "task_source": "trial",
        "assigned_by_coach": false,
        "is_completed": true,
        "created_at": "2026-05-17T08:59:12.477Z",
        "completed_at": "2026-05-17T08:59:15.305Z",
        "repetition_count": 0,
        "easiness_factor": 2.5,
        "interval_days": 0,
        "next_review_date": "2026-05-18"
    }
},
{
    "model": "exams_app.studenttask",
    "pk": 159,
    "fields": {
        "student": [
            "a@gmail.com"
        ],
        "topic": 30,
        "task_source": "trial",
        "assigned_by_coach": false,
        "is_completed": true,
        "created_at": "2026-05-17T12:20:39.812Z",
        "completed_at": "2026-05-17T12:20:43.530Z",
        "repetition_count": 0,
        "easiness_factor": 2.5,
        "interval_days": 0,
        "next_review_date": "2026-05-18"
    }
},
{
    "model": "exams_app.bransdeneme",
    "pk": 4,
    "fields": {
        "student": [
            "student_e2e@test.com"
        ],
        "ders": 4,
        "tarih": "2026-05-05",
        "dogru": 10,
        "yanlis": 2,
        "bos": 8,
        "net": 9.5,
        "sure_dakika": null,
        "ogrenci_notu": "",
        "olusturulma_tarihi": "2026-05-05T06:18:09.739Z"
    }
},
{
    "model": "exams_app.bransdeneme",
    "pk": 12,
    "fields": {
        "student": [
            "akak@gmail.com"
        ],
        "ders": 4,
        "tarih": "2026-05-05",
        "dogru": 10,
        "yanlis": 3,
        "bos": 7,
        "net": 9.25,
        "sure_dakika": null,
        "ogrenci_notu": "",
        "olusturulma_tarihi": "2026-05-05T06:33:16.984Z"
    }
},
{
    "model": "exams_app.bransdeneme",
    "pk": 32,
    "fields": {
        "student": [
            "a@gmail.com"
        ],
        "ders": 2,
        "tarih": "2026-05-08",
        "dogru": 40,
        "yanlis": 1,
        "bos": 2,
        "net": 39.75,
        "sure_dakika": null,
        "ogrenci_notu": "",
        "olusturulma_tarihi": "2026-05-05T11:19:13.010Z"
    }
},
{
    "model": "exams_app.bransdeneme",
    "pk": 33,
    "fields": {
        "student": [
            "a@gmail.com"
        ],
        "ders": 4,
        "tarih": "2026-05-04",
        "dogru": 18,
        "yanlis": 2,
        "bos": 0,
        "net": 17.5,
        "sure_dakika": 19,
        "ogrenci_notu": "",
        "olusturulma_tarihi": "2026-05-05T11:20:09.530Z"
    }
},
{
    "model": "exams_app.bransdeneme",
    "pk": 34,
    "fields": {
        "student": [
            "a@gmail.com"
        ],
        "ders": 4,
        "tarih": "2026-05-03",
        "dogru": 16,
        "yanlis": 3,
        "bos": 1,
        "net": 15.25,
        "sure_dakika": 25,
        "ogrenci_notu": "",
        "olusturulma_tarihi": "2026-05-05T11:25:02.886Z"
    }
},
{
    "model": "exams_app.bransdeneme",
    "pk": 35,
    "fields": {
        "student": [
            "a@gmail.com"
        ],
        "ders": 4,
        "tarih": "2026-04-01",
        "dogru": 13,
        "yanlis": 4,
        "bos": 3,
        "net": 12.0,
        "sure_dakika": 25,
        "ogrenci_notu": "",
        "olusturulma_tarihi": "2026-05-05T13:39:24.894Z"
    }
},
{
    "model": "exams_app.bransdeneme",
    "pk": 36,
    "fields": {
        "student": [
            "a@gmail.com"
        ],
        "ders": 7,
        "tarih": "2026-05-01",
        "dogru": 4,
        "yanlis": 2,
        "bos": 0,
        "net": 3.5,
        "sure_dakika": null,
        "ogrenci_notu": "",
        "olusturulma_tarihi": "2026-05-06T05:22:19.699Z"
    }
},
{
    "model": "exams_app.bransdeneme",
    "pk": 37,
    "fields": {
        "student": [
            "a@gmail.com"
        ],
        "ders": 1,
        "tarih": "2026-05-05",
        "dogru": 35,
        "yanlis": 2,
        "bos": 3,
        "net": 34.5,
        "sure_dakika": null,
        "ogrenci_notu": "",
        "olusturulma_tarihi": "2026-05-06T05:24:42.852Z"
    }
},
{
    "model": "exams_app.bransdeneme",
    "pk": 38,
    "fields": {
        "student": [
            "a@gmail.com"
        ],
        "ders": 4,
        "tarih": "2026-05-06",
        "dogru": 18,
        "yanlis": 2,
        "bos": 0,
        "net": 17.5,
        "sure_dakika": 25,
        "ogrenci_notu": "",
        "olusturulma_tarihi": "2026-05-07T06:22:33.017Z"
    }
},
{
    "model": "exams_app.bransdeneme",
    "pk": 39,
    "fields": {
        "student": [
            "a@gmail.com"
        ],
        "ders": 2,
        "tarih": "2026-05-15",
        "dogru": 35,
        "yanlis": 5,
        "bos": 0,
        "net": 33.75,
        "sure_dakika": null,
        "ogrenci_notu": "",
        "olusturulma_tarihi": "2026-05-15T06:15:47.780Z"
    }
},
{
    "model": "exams_app.bransdeneme",
    "pk": 40,
    "fields": {
        "student": [
            "a@gmail.com"
        ],
        "ders": 3,
        "tarih": "2026-05-15",
        "dogru": 18,
        "yanlis": 2,
        "bos": 0,
        "net": 17.5,
        "sure_dakika": 26,
        "ogrenci_notu": "",
        "olusturulma_tarihi": "2026-05-15T06:19:32.659Z"
    }
},
{
    "model": "exams_app.bransdeneme",
    "pk": 41,
    "fields": {
        "student": [
            "a@gmail.com"
        ],
        "ders": 5,
        "tarih": "2026-05-15",
        "dogru": 6,
        "yanlis": 1,
        "bos": 0,
        "net": 5.75,
        "sure_dakika": null,
        "ogrenci_notu": "",
        "olusturulma_tarihi": "2026-05-15T06:54:28.469Z"
    }
},
{
    "model": "exams_app.branstopicerror",
    "pk": 10,
    "fields": {
        "brans_deneme": 32,
        "topic": 28,
        "yanlis_sayisi": 1
    }
},
{
    "model": "exams_app.branstopicerror",
    "pk": 12,
    "fields": {
        "brans_deneme": 33,
        "topic": 199,
        "yanlis_sayisi": 1
    }
},
{
    "model": "exams_app.branstopicerror",
    "pk": 13,
    "fields": {
        "brans_deneme": 33,
        "topic": 189,
        "yanlis_sayisi": 1
    }
},
{
    "model": "exams_app.branstopicerror",
    "pk": 14,
    "fields": {
        "brans_deneme": 34,
        "topic": 199,
        "yanlis_sayisi": 1
    }
},
{
    "model": "exams_app.branstopicerror",
    "pk": 15,
    "fields": {
        "brans_deneme": 34,
        "topic": 177,
        "yanlis_sayisi": 1
    }
},
{
    "model": "exams_app.branstopicerror",
    "pk": 16,
    "fields": {
        "brans_deneme": 34,
        "topic": 195,
        "yanlis_sayisi": 1
    }
},
{
    "model": "exams_app.branstopicerror",
    "pk": 17,
    "fields": {
        "brans_deneme": 35,
        "topic": 204,
        "yanlis_sayisi": 4
    }
},
{
    "model": "exams_app.branstopicerror",
    "pk": 18,
    "fields": {
        "brans_deneme": 36,
        "topic": 239,
        "yanlis_sayisi": 1
    }
},
{
    "model": "exams_app.branstopicerror",
    "pk": 19,
    "fields": {
        "brans_deneme": 36,
        "topic": 248,
        "yanlis_sayisi": 1
    }
},
{
    "model": "exams_app.branstopicerror",
    "pk": 20,
    "fields": {
        "brans_deneme": 37,
        "topic": 8,
        "yanlis_sayisi": 1
    }
},
{
    "model": "exams_app.branstopicerror",
    "pk": 21,
    "fields": {
        "brans_deneme": 37,
        "topic": 76,
        "yanlis_sayisi": 1
    }
},
{
    "model": "exams_app.branstopicerror",
    "pk": 22,
    "fields": {
        "brans_deneme": 38,
        "topic": 206,
        "yanlis_sayisi": 1
    }
},
{
    "model": "exams_app.branstopicerror",
    "pk": 23,
    "fields": {
        "brans_deneme": 38,
        "topic": 177,
        "yanlis_sayisi": 1
    }
},
{
    "model": "exams_app.branstopicerror",
    "pk": 24,
    "fields": {
        "brans_deneme": 40,
        "topic": 133,
        "yanlis_sayisi": 1
    }
},
{
    "model": "exams_app.branstopicerror",
    "pk": 25,
    "fields": {
        "brans_deneme": 40,
        "topic": 155,
        "yanlis_sayisi": 1
    }
},
{
    "model": "exams_app.branstopicerror",
    "pk": 26,
    "fields": {
        "brans_deneme": 41,
        "topic": 224,
        "yanlis_sayisi": 1
    }
},
{
    "model": "tasks_app.gorevgrubu",
    "pk": 3,
    "fields": {
        "student": [
            "student_step5@test.com"
        ],
        "tarih": "2026-05-04",
        "aktivite_tipi": "konu_anlatimi",
        "ozel_sure_dk": 10,
        "ders_title": "Playlist Y",
        "sira_no": 1,
        "meta": {
            "sinav_tipi": "TYT",
            "ders_id": 5,
            "liste_id": 99,
            "videos": [
                {
                    "id": 1,
                    "title": "Vid A",
                    "duration": 12
                },
                {
                    "id": 2,
                    "title": "Vid B",
                    "duration": 8
                }
            ]
        },
        "is_completed": false,
        "completed_at": null,
        "tekrar_quality": null,
        "student_can_edit": false,
        "is_master": true,
        "is_hidden_by_student": false,
        "parent": null,
        "olusturulma_tarihi": "2026-05-03T22:25:37.427Z"
    }
},
{
    "model": "tasks_app.gorevgrubu",
    "pk": 4,
    "fields": {
        "student": [
            "student_step5@test.com"
        ],
        "tarih": "2026-05-05",
        "aktivite_tipi": "tekrar",
        "ozel_sure_dk": 5,
        "ders_title": "Different day",
        "sira_no": 2,
        "meta": null,
        "is_completed": false,
        "completed_at": null,
        "tekrar_quality": null,
        "student_can_edit": false,
        "is_master": true,
        "is_hidden_by_student": false,
        "parent": null,
        "olusturulma_tarihi": "2026-05-03T22:25:37.447Z"
    }
},
{
    "model": "tasks_app.gorevgrubu",
    "pk": 8,
    "fields": {
        "student": [
            "a@gmail.com"
        ],
        "tarih": "2026-05-05",
        "aktivite_tipi": "konu_anlatimi",
        "ozel_sure_dk": 140,
        "ders_title": "Coğrafya - Konu Anlatımı",
        "sira_no": 1,
        "meta": {
            "sinav_tipi": "TYT",
            "ders_id": "89",
            "liste_id": "100",
            "videos": [
                {
                    "id": 11806,
                    "title": "TYT Coğrafya kritik konular kampı | 2026 - 2027 | 12 GÜNDE (GÜN1 Doğa ve İnsan Konu Anlatım)",
                    "duration": 53
                },
                {
                    "id": 11807,
                    "title": "TYT Coğrafya kritik konular kampı | 2026 - 2027 | 12 GÜNDE ( GÜN1 Doğa ve insan Soru çözüm )",
                    "duration": 36
                },
                {
                    "id": 11808,
                    "title": "TYT Coğrafya kritik konular kampı | 2026 - 2027 | 12 GÜNDE (GÜN2 Bölgeler Konu Anlatım)",
                    "duration": 27
                },
                {
                    "id": 11809,
                    "title": "TYT Coğrafya kritik konular kampı | 2026 - 2027 | 12 GÜNDE ( GÜN2 Bölgeler Soru çözüm )",
                    "duration": 24
                }
            ]
        },
        "is_completed": true,
        "completed_at": "2026-05-05T13:36:04.680Z",
        "tekrar_quality": null,
        "student_can_edit": false,
        "is_master": true,
        "is_hidden_by_student": false,
        "parent": null,
        "olusturulma_tarihi": "2026-05-04T07:07:36.700Z"
    }
},
{
    "model": "tasks_app.gorevgrubu",
    "pk": 9,
    "fields": {
        "student": [
            "a@gmail.com"
        ],
        "tarih": "2026-05-06",
        "aktivite_tipi": "konu_anlatimi",
        "ozel_sure_dk": 140,
        "ders_title": "Coğrafya - Konu Anlatımı",
        "sira_no": 1,
        "meta": {
            "sinav_tipi": "TYT",
            "ders_id": "89",
            "liste_id": "100",
            "videos": [
                {
                    "id": 11806,
                    "title": "TYT Coğrafya kritik konular kampı | 2026 - 2027 | 12 GÜNDE (GÜN1 Doğa ve İnsan Konu Anlatım)",
                    "duration": 53
                },
                {
                    "id": 11807,
                    "title": "TYT Coğrafya kritik konular kampı | 2026 - 2027 | 12 GÜNDE ( GÜN1 Doğa ve insan Soru çözüm )",
                    "duration": 36
                },
                {
                    "id": 11808,
                    "title": "TYT Coğrafya kritik konular kampı | 2026 - 2027 | 12 GÜNDE (GÜN2 Bölgeler Konu Anlatım)",
                    "duration": 27
                },
                {
                    "id": 11809,
                    "title": "TYT Coğrafya kritik konular kampı | 2026 - 2027 | 12 GÜNDE ( GÜN2 Bölgeler Soru çözüm )",
                    "duration": 24
                }
            ]
        },
        "is_completed": true,
        "completed_at": "2026-05-07T21:23:32.856Z",
        "tekrar_quality": null,
        "student_can_edit": false,
        "is_master": true,
        "is_hidden_by_student": false,
        "parent": null,
        "olusturulma_tarihi": "2026-05-04T07:07:37.086Z"
    }
},
{
    "model": "tasks_app.gorevgrubu",
    "pk": 13,
    "fields": {
        "student": [
            "a@gmail.com"
        ],
        "tarih": "2026-05-11",
        "aktivite_tipi": "konu_anlatimi",
        "ozel_sure_dk": 74,
        "ders_title": "Biyoloji - Konu Anlatımı",
        "sira_no": 1,
        "meta": {
            "sinav_tipi": "TYT",
            "ders_id": "5",
            "liste_id": "69",
            "videos": [
                {
                    "id": 8190,
                    "title": "2026 TYT Biyoloji Müfredatı ve Konuları (Tüm Detaylarıyla)",
                    "duration": 10
                },
                {
                    "id": 8191,
                    "title": "Senin Biyolojin Yayınları TYT - AYT Biyoloji Kitap İncelemesi",
                    "duration": 11
                },
                {
                    "id": 8192,
                    "title": "Biyoloji Çalışmaya Başlamadan Önce Bilmeniz Gereken Terimler",
                    "duration": 36
                },
                {
                    "id": 8193,
                    "title": "Biyoloji Dersi Nasıl Çalışılır ? Sıklıkla Yapılan Yanlışlar !",
                    "duration": 17
                }
            ]
        },
        "is_completed": true,
        "completed_at": "2026-05-04T20:08:21.765Z",
        "tekrar_quality": null,
        "student_can_edit": false,
        "is_master": true,
        "is_hidden_by_student": false,
        "parent": null,
        "olusturulma_tarihi": "2026-05-04T07:14:17.413Z"
    }
},
{
    "model": "tasks_app.gorevgrubu",
    "pk": 14,
    "fields": {
        "student": [
            "a@gmail.com"
        ],
        "tarih": "2026-05-12",
        "aktivite_tipi": "konu_anlatimi",
        "ozel_sure_dk": 74,
        "ders_title": "Biyoloji - Konu Anlatımı",
        "sira_no": 1,
        "meta": {
            "sinav_tipi": "TYT",
            "ders_id": "5",
            "liste_id": "69",
            "videos": [
                {
                    "id": 8190,
                    "title": "2026 TYT Biyoloji Müfredatı ve Konuları (Tüm Detaylarıyla)",
                    "duration": 10
                },
                {
                    "id": 8191,
                    "title": "Senin Biyolojin Yayınları TYT - AYT Biyoloji Kitap İncelemesi",
                    "duration": 11
                },
                {
                    "id": 8192,
                    "title": "Biyoloji Çalışmaya Başlamadan Önce Bilmeniz Gereken Terimler",
                    "duration": 36
                },
                {
                    "id": 8193,
                    "title": "Biyoloji Dersi Nasıl Çalışılır ? Sıklıkla Yapılan Yanlışlar !",
                    "duration": 17
                }
            ]
        },
        "is_completed": true,
        "completed_at": "2026-05-04T20:08:21.293Z",
        "tekrar_quality": null,
        "student_can_edit": false,
        "is_master": true,
        "is_hidden_by_student": false,
        "parent": null,
        "olusturulma_tarihi": "2026-05-04T07:14:19.099Z"
    }
},
{
    "model": "tasks_app.gorevgrubu",
    "pk": 16,
    "fields": {
        "student": [
            "a@gmail.com"
        ],
        "tarih": "2026-05-10",
        "aktivite_tipi": "konu_anlatimi",
        "ozel_sure_dk": 90,
        "ders_title": "Fizik - Konu Anlatımı",
        "sira_no": 1,
        "meta": {
            "sinav_tipi": "TYT",
            "ders_id": "2",
            "liste_id": "57",
            "videos": [
                {
                    "id": 6568,
                    "title": "50 Günde TYT Fizik Kampı Başlıyor | 2026 ve 2027 YKS #tytfizik",
                    "duration": 25
                },
                {
                    "id": 6569,
                    "title": "Fizik Bilimine Giriş Konu Anlatımı - 1 | 50 Günde TYT Fizik Kampı",
                    "duration": 35
                },
                {
                    "id": 6570,
                    "title": "Fizik Bilimine Giriş Konu Anlatımı - 2 | 50 Günde TYT Fizik Kampı",
                    "duration": 30
                }
            ]
        },
        "is_completed": false,
        "completed_at": null,
        "tekrar_quality": null,
        "student_can_edit": false,
        "is_master": true,
        "is_hidden_by_student": false,
        "parent": null,
        "olusturulma_tarihi": "2026-05-04T07:16:53.793Z"
    }
},
{
    "model": "tasks_app.gorevgrubu",
    "pk": 18,
    "fields": {
        "student": [
            "student_step5@test.com"
        ],
        "tarih": "2026-05-07",
        "aktivite_tipi": "konu_anlatimi",
        "ozel_sure_dk": 82,
        "ders_title": "Biyoloji - Konu Anlatımı",
        "sira_no": 1,
        "meta": {
            "sinav_tipi": "TYT",
            "ders_id": "5",
            "liste_id": "44",
            "videos": [
                {
                    "id": 6065,
                    "title": "TYT BİYOLOJİ KAMPI | 39 GÜNDE | 2025 -TYT Biyoloji Çalışma Programı - 0. GÜN",
                    "duration": 6
                },
                {
                    "id": 6066,
                    "title": "Canlıların Genel Özellikleri | 39 Günde TYT Biyoloji Kampı | 1. GÜN | yks2025",
                    "duration": 34
                },
                {
                    "id": 6068,
                    "title": "İnorganik Bileşikler | 39 Günde TYT Biyoloji Kampı | 2. GÜN | yks2025",
                    "duration": 34
                },
                {
                    "id": 6067,
                    "title": "Canlıların Genel Özellikleri Soru Çözümü | yks2025 | Biyoloji Soru Çözümü | 1.GÜN",
                    "duration": 8
                }
            ]
        },
        "is_completed": false,
        "completed_at": null,
        "tekrar_quality": null,
        "student_can_edit": false,
        "is_master": true,
        "is_hidden_by_student": false,
        "parent": null,
        "olusturulma_tarihi": "2026-05-04T07:21:39.772Z"
    }
},
{
    "model": "tasks_app.gorevgrubu",
    "pk": 19,
    "fields": {
        "student": [
            "student_step5@test.com"
        ],
        "tarih": "2026-05-08",
        "aktivite_tipi": "konu_anlatimi",
        "ozel_sure_dk": 113,
        "ders_title": "Coğrafya - Konu Anlatımı",
        "sira_no": 1,
        "meta": {
            "sinav_tipi": "TYT",
            "ders_id": "89",
            "liste_id": "56",
            "videos": [
                {
                    "id": 6557,
                    "title": "Coğrafya Türkiye haritası zemin hazırla | TYT COĞRAFYA KAMPI 2026-2027",
                    "duration": 21
                },
                {
                    "id": 6558,
                    "title": "Dünya dağlar ve çöller harita bilgisi çalışması 📌2026 GÜN1  (Kodlamalarla)",
                    "duration": 38
                },
                {
                    "id": 6559,
                    "title": "Dünya iklimler ve nüfus harita bilgisi çalışması 📌2026 GÜN2  (Kodlamalarla)",
                    "duration": 54
                }
            ]
        },
        "is_completed": false,
        "completed_at": null,
        "tekrar_quality": null,
        "student_can_edit": false,
        "is_master": true,
        "is_hidden_by_student": false,
        "parent": null,
        "olusturulma_tarihi": "2026-05-04T07:26:55.314Z"
    }
},
{
    "model": "tasks_app.gorevgrubu",
    "pk": 23,
    "fields": {
        "student": [
            "student_step5@test.com"
        ],
        "tarih": "2026-05-09",
        "aktivite_tipi": "konu_anlatimi",
        "ozel_sure_dk": 171,
        "ders_title": "Matematik - Konu Anlatımı",
        "sira_no": 1,
        "meta": {
            "sinav_tipi": "TYT",
            "ders_id": "1",
            "liste_id": "61",
            "videos": [
                {
                    "id": 6930,
                    "title": "Sözleşme İmzalıyoruz! | 0.Gün | 70 Günde TYT Matematik Kampı | 2025",
                    "duration": 12
                },
                {
                    "id": 6929,
                    "title": "70 Günde TYT Matematik-2026 Başlıyor! ( Yol Haritası ! )",
                    "duration": 55
                },
                {
                    "id": 6931,
                    "title": "Sayı Kümeleri | 1.Gün - 1.Video | 70 Günde TYT Matematik Kampı | 2025",
                    "duration": 63
                },
                {
                    "id": 6932,
                    "title": "Pozitif ve Negatif Sayılar| 1.Gün - 2.Video | 70 Günde TYT Matematik Kampı | 2025",
                    "duration": 41
                }
            ]
        },
        "is_completed": false,
        "completed_at": null,
        "tekrar_quality": null,
        "student_can_edit": false,
        "is_master": true,
        "is_hidden_by_student": false,
        "parent": null,
        "olusturulma_tarihi": "2026-05-04T07:45:22.123Z"
    }
},
{
    "model": "tasks_app.gorevgrubu",
    "pk": 24,
    "fields": {
        "student": [
            "student_step5@test.com"
        ],
        "tarih": "2026-05-10",
        "aktivite_tipi": "konu_anlatimi",
        "ozel_sure_dk": 165,
        "ders_title": "Matematik - Konu Anlatımı",
        "sira_no": 1,
        "meta": {
            "sinav_tipi": "TYT",
            "ders_id": "1",
            "liste_id": "61",
            "videos": [
                {
                    "id": 6933,
                    "title": "En Büyük ve En Küçük Değer-1 | 2.Gün - 1.Video | 70 Günde TYT Matematik Kampı | 2025",
                    "duration": 48
                },
                {
                    "id": 6934,
                    "title": "En Büyük ve En Küçük Değer-2 | 2.Gün - 2.Video | 70 Günde TYT Matematik Kampı | 2025",
                    "duration": 25
                },
                {
                    "id": 6935,
                    "title": "Tek ve Çift Sayılar-1 | 3.Gün - 1.Video | 70 Günde TYT Matematik Kampı | 2025",
                    "duration": 56
                },
                {
                    "id": 6936,
                    "title": "Tek ve Çift Sayılar-2 | 3.Gün - 2.Video | 70 Günde TYT Matematik Kampı | 2025",
                    "duration": 36
                }
            ]
        },
        "is_completed": false,
        "completed_at": null,
        "tekrar_quality": null,
        "student_can_edit": false,
        "is_master": true,
        "is_hidden_by_student": false,
        "parent": null,
        "olusturulma_tarihi": "2026-05-04T07:45:26.477Z"
    }
},
{
    "model": "tasks_app.gorevgrubu",
    "pk": 25,
    "fields": {
        "student": [
            "student_step5@test.com"
        ],
        "tarih": "2026-05-08",
        "aktivite_tipi": "konu_anlatimi",
        "ozel_sure_dk": 144,
        "ders_title": "Matematik - Konu Anlatımı",
        "sira_no": 2,
        "meta": {
            "sinav_tipi": "TYT",
            "ders_id": "1",
            "liste_id": "61",
            "videos": [
                {
                    "id": 6940,
                    "title": "Faktöriyel | 5.Gün - 2.Video | 70 Günde TYT Matematik Kampı | 2025",
                    "duration": 42
                },
                {
                    "id": 6941,
                    "title": "Temel Kavramlar | Bölüm Bitirme Testi-1 | 6.Gün - 1.Video | 70 Günde TYT Matematik Kampı | 2025",
                    "duration": 32
                },
                {
                    "id": 6942,
                    "title": "Temel Kavramlar | Bölüm Bitirme Testi-2 | 6.Gün - 2.Video | 70 Günde TYT Matematik Kampı | 2025",
                    "duration": 35
                },
                {
                    "id": 6943,
                    "title": "Temel Kavramlar | Efişinado Testi-1 | 7.Gün - 1.Video | 70 Günde TYT Matematik Kampı | 2025",
                    "duration": 35
                }
            ]
        },
        "is_completed": false,
        "completed_at": null,
        "tekrar_quality": null,
        "student_can_edit": false,
        "is_master": true,
        "is_hidden_by_student": false,
        "parent": null,
        "olusturulma_tarihi": "2026-05-04T07:45:33.986Z"
    }
},
{
    "model": "tasks_app.gorevgrubu",
    "pk": 26,
    "fields": {
        "student": [
            "student_step5@test.com"
        ],
        "tarih": "2026-05-07",
        "aktivite_tipi": "konu_anlatimi",
        "ozel_sure_dk": 217,
        "ders_title": "Matematik - Konu Anlatımı",
        "sira_no": 2,
        "meta": {
            "sinav_tipi": "TYT",
            "ders_id": "1",
            "liste_id": "61",
            "videos": [
                {
                    "id": 6937,
                    "title": "Ardışık Sayılar | 4.Gün - 1.Video | 70 Günde TYT Matematik Kampı | 2025",
                    "duration": 57
                },
                {
                    "id": 6938,
                    "title": "Ardışık Sayı Örüntüleri | 4.Gün - 2.Video | 70 Günde TYT Matematik Kampı | 2025",
                    "duration": 47
                },
                {
                    "id": 6939,
                    "title": "Asal Sayılar | 5.Gün - 1.Video | 70 Günde TYT Matematik Kampı | 2025",
                    "duration": 71
                },
                {
                    "id": 6940,
                    "title": "Faktöriyel | 5.Gün - 2.Video | 70 Günde TYT Matematik Kampı | 2025",
                    "duration": 42
                }
            ]
        },
        "is_completed": false,
        "completed_at": null,
        "tekrar_quality": null,
        "student_can_edit": false,
        "is_master": true,
        "is_hidden_by_student": false,
        "parent": null,
        "olusturulma_tarihi": "2026-05-04T07:45:42.617Z"
    }
},
{
    "model": "tasks_app.gorevgrubu",
    "pk": 28,
    "fields": {
        "student": [
            "student_step5@test.com"
        ],
        "tarih": "2026-05-05",
        "aktivite_tipi": "konu_anlatimi",
        "ozel_sure_dk": 54,
        "ders_title": "Kimya - Konu Anlatımı",
        "sira_no": 3,
        "meta": {
            "sinav_tipi": "TYT",
            "ders_id": "4",
            "liste_id": "81",
            "videos": [
                {
                    "id": 9125,
                    "title": "Simetrik Deneme - 1 | 2. Gün 3. Ders",
                    "duration": 5
                },
                {
                    "id": 9126,
                    "title": "YouTube Gelişim İzleme Sınavı (YouGİS) - 1 | 2. Gün 4. Ders",
                    "duration": 12
                },
                {
                    "id": 9127,
                    "title": "01. Tekrar Soru Kampı | Kimya Bilimi",
                    "duration": 23
                },
                {
                    "id": 9128,
                    "title": "01. TYT Kimya Rehberi | İlk Ünite Bitti",
                    "duration": 14
                }
            ]
        },
        "is_completed": false,
        "completed_at": null,
        "tekrar_quality": null,
        "student_can_edit": false,
        "is_master": true,
        "is_hidden_by_student": false,
        "parent": null,
        "olusturulma_tarihi": "2026-05-04T07:46:56.885Z"
    }
},
{
    "model": "tasks_app.gorevgrubu",
    "pk": 29,
    "fields": {
        "student": [
            "student_step5@test.com"
        ],
        "tarih": "2026-05-04",
        "aktivite_tipi": "konu_anlatimi",
        "ozel_sure_dk": 93,
        "ders_title": "Kimya - Konu Anlatımı",
        "sira_no": 2,
        "meta": {
            "sinav_tipi": "TYT",
            "ders_id": "4",
            "liste_id": "81",
            "videos": [
                {
                    "id": 9130,
                    "title": "Atom Modelleri - 2 | 3. Gün 1. Ders | 2. Video",
                    "duration": 21
                },
                {
                    "id": 9129,
                    "title": "Atom Modelleri - 1 | 3. Gün 1. Ders | 1. Video",
                    "duration": 17
                },
                {
                    "id": 9131,
                    "title": "Atomun Yapısı - 1 | 3. Gün 2. Ders | 1. Video",
                    "duration": 37
                },
                {
                    "id": 9132,
                    "title": "Atomun Yapısı - 2 | 3. Gün 2. Ders | 2. Video",
                    "duration": 18
                }
            ]
        },
        "is_completed": false,
        "completed_at": null,
        "tekrar_quality": null,
        "student_can_edit": false,
        "is_master": true,
        "is_hidden_by_student": false,
        "parent": null,
        "olusturulma_tarihi": "2026-05-04T07:47:03.891Z"
    }
},
{
    "model": "tasks_app.gorevgrubu",
    "pk": 30,
    "fields": {
        "student": [
            "student_step5@test.com"
        ],
        "tarih": "2026-05-09",
        "aktivite_tipi": "konu_anlatimi",
        "ozel_sure_dk": 144,
        "ders_title": "Matematik - Konu Anlatımı",
        "sira_no": 2,
        "meta": {
            "sinav_tipi": "TYT",
            "ders_id": "1",
            "liste_id": "61",
            "videos": [
                {
                    "id": 6940,
                    "title": "Faktöriyel | 5.Gün - 2.Video | 70 Günde TYT Matematik Kampı | 2025",
                    "duration": 42
                },
                {
                    "id": 6941,
                    "title": "Temel Kavramlar | Bölüm Bitirme Testi-1 | 6.Gün - 1.Video | 70 Günde TYT Matematik Kampı | 2025",
                    "duration": 32
                },
                {
                    "id": 6942,
                    "title": "Temel Kavramlar | Bölüm Bitirme Testi-2 | 6.Gün - 2.Video | 70 Günde TYT Matematik Kampı | 2025",
                    "duration": 35
                },
                {
                    "id": 6943,
                    "title": "Temel Kavramlar | Efişinado Testi-1 | 7.Gün - 1.Video | 70 Günde TYT Matematik Kampı | 2025",
                    "duration": 35
                }
            ]
        },
        "is_completed": false,
        "completed_at": null,
        "tekrar_quality": null,
        "student_can_edit": false,
        "is_master": true,
        "is_hidden_by_student": false,
        "parent": null,
        "olusturulma_tarihi": "2026-05-04T07:52:08.139Z"
    }
},
{
    "model": "tasks_app.gorevgrubu",
    "pk": 31,
    "fields": {
        "student": [
            "student_step5@test.com"
        ],
        "tarih": "2026-05-10",
        "aktivite_tipi": "konu_anlatimi",
        "ozel_sure_dk": 184,
        "ders_title": "Matematik - Konu Anlatımı",
        "sira_no": 2,
        "meta": {
            "sinav_tipi": "TYT",
            "ders_id": "1",
            "liste_id": "61",
            "videos": [
                {
                    "id": 6944,
                    "title": "Temel Kavramlar | Efişinado Testi-2 | 7.Gün - 2.Video | 70 Günde TYT Matematik Kampı | 2025",
                    "duration": 41
                },
                {
                    "id": 6945,
                    "title": "Sayı Basamakları-1 | 8.Gün - 1.Video | 70 Günde TYT Matematik Kampı | 2025",
                    "duration": 67
                },
                {
                    "id": 6946,
                    "title": "Sayı Basamakları-2 | 8.Gün - 2.Video | 70 Günde TYT Matematik Kampı | 2025",
                    "duration": 35
                },
                {
                    "id": 6947,
                    "title": "Sayı Basamakları | Bölüm Bitirme Testi-1 | 9.Gün - 1.Video | 70 Günde TYT Matematik Kampı | 2025",
                    "duration": 41
                }
            ]
        },
        "is_completed": false,
        "completed_at": null,
        "tekrar_quality": null,
        "student_can_edit": false,
        "is_master": true,
        "is_hidden_by_student": false,
        "parent": null,
        "olusturulma_tarihi": "2026-05-04T08:06:04.907Z"
    }
},
{
    "model": "tasks_app.gorevgrubu",
    "pk": 32,
    "fields": {
        "student": [
            "student_step5@test.com"
        ],
        "tarih": "2026-05-05",
        "aktivite_tipi": "konu_anlatimi",
        "ozel_sure_dk": 184,
        "ders_title": "Matematik - Konu Anlatımı",
        "sira_no": 4,
        "meta": {
            "sinav_tipi": "TYT",
            "ders_id": "1",
            "liste_id": "61",
            "videos": [
                {
                    "id": 6944,
                    "title": "Temel Kavramlar | Efişinado Testi-2 | 7.Gün - 2.Video | 70 Günde TYT Matematik Kampı | 2025",
                    "duration": 41
                },
                {
                    "id": 6945,
                    "title": "Sayı Basamakları-1 | 8.Gün - 1.Video | 70 Günde TYT Matematik Kampı | 2025",
                    "duration": 67
                },
                {
                    "id": 6946,
                    "title": "Sayı Basamakları-2 | 8.Gün - 2.Video | 70 Günde TYT Matematik Kampı | 2025",
                    "duration": 35
                },
                {
                    "id": 6947,
                    "title": "Sayı Basamakları | Bölüm Bitirme Testi-1 | 9.Gün - 1.Video | 70 Günde TYT Matematik Kampı | 2025",
                    "duration": 41
                }
            ]
        },
        "is_completed": false,
        "completed_at": null,
        "tekrar_quality": null,
        "student_can_edit": false,
        "is_master": true,
        "is_hidden_by_student": false,
        "parent": null,
        "olusturulma_tarihi": "2026-05-04T08:06:13.003Z"
    }
},
{
    "model": "tasks_app.gorevgrubu",
    "pk": 33,
    "fields": {
        "student": [
            "student_step5@test.com"
        ],
        "tarih": "2026-05-12",
        "aktivite_tipi": "konu_anlatimi",
        "ozel_sure_dk": 34,
        "ders_title": "Kimya - Konu Anlatımı",
        "sira_no": 1,
        "meta": {
            "sinav_tipi": "TYT",
            "ders_id": "4",
            "liste_id": "81",
            "videos": [
                {
                    "id": 9118,
                    "title": "2026 YKS'ye Hazır mısın? Şimdi Başla! | 0. GÜN",
                    "duration": 14
                },
                {
                    "id": 9119,
                    "title": "Simyadan Kimyaya | 1.Gün 1. Ders | 1. Video",
                    "duration": 20
                }
            ]
        },
        "is_completed": false,
        "completed_at": null,
        "tekrar_quality": null,
        "student_can_edit": false,
        "is_master": true,
        "is_hidden_by_student": false,
        "parent": null,
        "olusturulma_tarihi": "2026-05-04T14:04:35.078Z"
    }
},
{
    "model": "tasks_app.gorevgrubu",
    "pk": 48,
    "fields": {
        "student": [
            "a@gmail.com"
        ],
        "tarih": "2026-05-04",
        "aktivite_tipi": "konu_anlatimi",
        "ozel_sure_dk": 140,
        "ders_title": "Coğrafya - Konu Anlatımı",
        "sira_no": 1,
        "meta": {
            "sinav_tipi": "TYT",
            "ders_id": "89",
            "liste_id": "100",
            "videos": [
                {
                    "id": 11806,
                    "title": "TYT Coğrafya kritik konular kampı | 2026 - 2027 | 12 GÜNDE (GÜN1 Doğa ve İnsan Konu Anlatım)",
                    "duration": 53
                },
                {
                    "id": 11807,
                    "title": "TYT Coğrafya kritik konular kampı | 2026 - 2027 | 12 GÜNDE ( GÜN1 Doğa ve insan Soru çözüm )",
                    "duration": 36
                },
                {
                    "id": 11808,
                    "title": "TYT Coğrafya kritik konular kampı | 2026 - 2027 | 12 GÜNDE (GÜN2 Bölgeler Konu Anlatım)",
                    "duration": 27
                },
                {
                    "id": 11809,
                    "title": "TYT Coğrafya kritik konular kampı | 2026 - 2027 | 12 GÜNDE ( GÜN2 Bölgeler Soru çözüm )",
                    "duration": 24
                }
            ]
        },
        "is_completed": true,
        "completed_at": "2026-05-04T20:22:50.158Z",
        "tekrar_quality": null,
        "student_can_edit": false,
        "is_master": true,
        "is_hidden_by_student": false,
        "parent": null,
        "olusturulma_tarihi": "2026-05-04T14:40:50.773Z"
    }
},
{
    "model": "tasks_app.gorevgrubu",
    "pk": 51,
    "fields": {
        "student": [
            "a@gmail.com"
        ],
        "tarih": "2026-05-10",
        "aktivite_tipi": "konu_anlatimi",
        "ozel_sure_dk": 126,
        "ders_title": "Coğrafya - Konu Anlatımı",
        "sira_no": 2,
        "meta": {
            "sinav_tipi": "TYT",
            "ders_id": "89",
            "liste_id": "56",
            "videos": [
                {
                    "id": 6556,
                    "title": "7 günde Dünya harita bilgisi çalışması Kamp 2026 | TÜM SINIFLAR + TYT + AYT",
                    "duration": 13
                },
                {
                    "id": 6557,
                    "title": "Coğrafya Türkiye haritası zemin hazırla | TYT COĞRAFYA KAMPI 2026-2027",
                    "duration": 21
                },
                {
                    "id": 6558,
                    "title": "Dünya dağlar ve çöller harita bilgisi çalışması 📌2026 GÜN1  (Kodlamalarla)",
                    "duration": 38
                },
                {
                    "id": 6559,
                    "title": "Dünya iklimler ve nüfus harita bilgisi çalışması 📌2026 GÜN2  (Kodlamalarla)",
                    "duration": 54
                }
            ]
        },
        "is_completed": false,
        "completed_at": null,
        "tekrar_quality": null,
        "student_can_edit": false,
        "is_master": true,
        "is_hidden_by_student": false,
        "parent": null,
        "olusturulma_tarihi": "2026-05-04T14:40:53.641Z"
    }
},
{
    "model": "tasks_app.gorevgrubu",
    "pk": 53,
    "fields": {
        "student": [
            "a@gmail.com"
        ],
        "tarih": "2026-05-05",
        "aktivite_tipi": "konu_anlatimi",
        "ozel_sure_dk": 126,
        "ders_title": "Coğrafya - Konu Anlatımı",
        "sira_no": 2,
        "meta": {
            "sinav_tipi": "TYT",
            "ders_id": "89",
            "liste_id": "56",
            "videos": [
                {
                    "id": 6556,
                    "title": "7 günde Dünya harita bilgisi çalışması Kamp 2026 | TÜM SINIFLAR + TYT + AYT",
                    "duration": 13
                },
                {
                    "id": 6557,
                    "title": "Coğrafya Türkiye haritası zemin hazırla | TYT COĞRAFYA KAMPI 2026-2027",
                    "duration": 21
                },
                {
                    "id": 6558,
                    "title": "Dünya dağlar ve çöller harita bilgisi çalışması 📌2026 GÜN1  (Kodlamalarla)",
                    "duration": 38
                },
                {
                    "id": 6559,
                    "title": "Dünya iklimler ve nüfus harita bilgisi çalışması 📌2026 GÜN2  (Kodlamalarla)",
                    "duration": 54
                }
            ]
        },
        "is_completed": true,
        "completed_at": "2026-05-04T20:22:50.877Z",
        "tekrar_quality": null,
        "student_can_edit": false,
        "is_master": true,
        "is_hidden_by_student": false,
        "parent": null,
        "olusturulma_tarihi": "2026-05-04T14:40:56.393Z"
    }
},
{
    "model": "tasks_app.gorevgrubu",
    "pk": 54,
    "fields": {
        "student": [
            "a@gmail.com"
        ],
        "tarih": "2026-05-04",
        "aktivite_tipi": "konu_anlatimi",
        "ozel_sure_dk": 140,
        "ders_title": "Coğrafya - Konu Anlatımı",
        "sira_no": 2,
        "meta": {
            "sinav_tipi": "TYT",
            "ders_id": "89",
            "liste_id": "100",
            "videos": [
                {
                    "id": 11806,
                    "title": "TYT Coğrafya kritik konular kampı | 2026 - 2027 | 12 GÜNDE (GÜN1 Doğa ve İnsan Konu Anlatım)",
                    "duration": 53
                },
                {
                    "id": 11807,
                    "title": "TYT Coğrafya kritik konular kampı | 2026 - 2027 | 12 GÜNDE ( GÜN1 Doğa ve insan Soru çözüm )",
                    "duration": 36
                },
                {
                    "id": 11808,
                    "title": "TYT Coğrafya kritik konular kampı | 2026 - 2027 | 12 GÜNDE (GÜN2 Bölgeler Konu Anlatım)",
                    "duration": 27
                },
                {
                    "id": 11809,
                    "title": "TYT Coğrafya kritik konular kampı | 2026 - 2027 | 12 GÜNDE ( GÜN2 Bölgeler Soru çözüm )",
                    "duration": 24
                }
            ]
        },
        "is_completed": false,
        "completed_at": null,
        "tekrar_quality": null,
        "student_can_edit": false,
        "is_master": true,
        "is_hidden_by_student": false,
        "parent": null,
        "olusturulma_tarihi": "2026-05-04T14:40:57.129Z"
    }
},
{
    "model": "tasks_app.gorevgrubu",
    "pk": 55,
    "fields": {
        "student": [
            "student_step5@test.com"
        ],
        "tarih": "2026-05-04",
        "aktivite_tipi": "konu_anlatimi",
        "ozel_sure_dk": 184,
        "ders_title": "Matematik - Konu Anlatımı",
        "sira_no": 3,
        "meta": {
            "sinav_tipi": "TYT",
            "ders_id": "1",
            "liste_id": "61",
            "videos": [
                {
                    "id": 6944,
                    "title": "Temel Kavramlar | Efişinado Testi-2 | 7.Gün - 2.Video | 70 Günde TYT Matematik Kampı | 2025",
                    "duration": 41
                },
                {
                    "id": 6945,
                    "title": "Sayı Basamakları-1 | 8.Gün - 1.Video | 70 Günde TYT Matematik Kampı | 2025",
                    "duration": 67
                },
                {
                    "id": 6946,
                    "title": "Sayı Basamakları-2 | 8.Gün - 2.Video | 70 Günde TYT Matematik Kampı | 2025",
                    "duration": 35
                },
                {
                    "id": 6947,
                    "title": "Sayı Basamakları | Bölüm Bitirme Testi-1 | 9.Gün - 1.Video | 70 Günde TYT Matematik Kampı | 2025",
                    "duration": 41
                }
            ]
        },
        "is_completed": false,
        "completed_at": null,
        "tekrar_quality": null,
        "student_can_edit": false,
        "is_master": true,
        "is_hidden_by_student": false,
        "parent": null,
        "olusturulma_tarihi": "2026-05-04T14:41:50.552Z"
    }
},
{
    "model": "tasks_app.gorevgrubu",
    "pk": 56,
    "fields": {
        "student": [
            "student_step5@test.com"
        ],
        "tarih": "2026-05-06",
        "aktivite_tipi": "konu_anlatimi",
        "ozel_sure_dk": 54,
        "ders_title": "Kimya - Konu Anlatımı",
        "sira_no": 3,
        "meta": {
            "sinav_tipi": "TYT",
            "ders_id": "4",
            "liste_id": "81",
            "videos": [
                {
                    "id": 9125,
                    "title": "Simetrik Deneme - 1 | 2. Gün 3. Ders",
                    "duration": 5
                },
                {
                    "id": 9126,
                    "title": "YouTube Gelişim İzleme Sınavı (YouGİS) - 1 | 2. Gün 4. Ders",
                    "duration": 12
                },
                {
                    "id": 9127,
                    "title": "01. Tekrar Soru Kampı | Kimya Bilimi",
                    "duration": 23
                },
                {
                    "id": 9128,
                    "title": "01. TYT Kimya Rehberi | İlk Ünite Bitti",
                    "duration": 14
                }
            ]
        },
        "is_completed": false,
        "completed_at": null,
        "tekrar_quality": null,
        "student_can_edit": false,
        "is_master": true,
        "is_hidden_by_student": false,
        "parent": null,
        "olusturulma_tarihi": "2026-05-04T14:50:46.614Z"
    }
},
{
    "model": "tasks_app.gorevgrubu",
    "pk": 57,
    "fields": {
        "student": [
            "a@gmail.com"
        ],
        "tarih": "2026-05-13",
        "aktivite_tipi": "konu_anlatimi",
        "ozel_sure_dk": 74,
        "ders_title": "Biyoloji - Konu Anlatımı",
        "sira_no": 1,
        "meta": {
            "sinav_tipi": "TYT",
            "ders_id": "5",
            "liste_id": "69",
            "videos": [
                {
                    "id": 8190,
                    "title": "2026 TYT Biyoloji Müfredatı ve Konuları (Tüm Detaylarıyla)",
                    "duration": 10
                },
                {
                    "id": 8191,
                    "title": "Senin Biyolojin Yayınları TYT - AYT Biyoloji Kitap İncelemesi",
                    "duration": 11
                },
                {
                    "id": 8192,
                    "title": "Biyoloji Çalışmaya Başlamadan Önce Bilmeniz Gereken Terimler",
                    "duration": 36
                },
                {
                    "id": 8193,
                    "title": "Biyoloji Dersi Nasıl Çalışılır ? Sıklıkla Yapılan Yanlışlar !",
                    "duration": 17
                }
            ]
        },
        "is_completed": true,
        "completed_at": "2026-05-04T20:08:18.626Z",
        "tekrar_quality": null,
        "student_can_edit": false,
        "is_master": true,
        "is_hidden_by_student": false,
        "parent": null,
        "olusturulma_tarihi": "2026-05-04T18:09:39.945Z"
    }
},
{
    "model": "tasks_app.gorevgrubu",
    "pk": 58,
    "fields": {
        "student": [
            "a@gmail.com"
        ],
        "tarih": "2026-05-13",
        "aktivite_tipi": "konu_anlatimi",
        "ozel_sure_dk": 74,
        "ders_title": "Biyoloji - Konu Anlatımı",
        "sira_no": 2,
        "meta": {
            "sinav_tipi": "TYT",
            "ders_id": "5",
            "liste_id": "69",
            "videos": [
                {
                    "id": 8190,
                    "title": "2026 TYT Biyoloji Müfredatı ve Konuları (Tüm Detaylarıyla)",
                    "duration": 10
                },
                {
                    "id": 8191,
                    "title": "Senin Biyolojin Yayınları TYT - AYT Biyoloji Kitap İncelemesi",
                    "duration": 11
                },
                {
                    "id": 8192,
                    "title": "Biyoloji Çalışmaya Başlamadan Önce Bilmeniz Gereken Terimler",
                    "duration": 36
                },
                {
                    "id": 8193,
                    "title": "Biyoloji Dersi Nasıl Çalışılır ? Sıklıkla Yapılan Yanlışlar !",
                    "duration": 17
                }
            ]
        },
        "is_completed": true,
        "completed_at": "2026-05-04T20:08:19.524Z",
        "tekrar_quality": null,
        "student_can_edit": false,
        "is_master": true,
        "is_hidden_by_student": false,
        "parent": null,
        "olusturulma_tarihi": "2026-05-04T18:09:40.910Z"
    }
},
{
    "model": "tasks_app.gorevgrubu",
    "pk": 59,
    "fields": {
        "student": [
            "a@gmail.com"
        ],
        "tarih": "2026-05-14",
        "aktivite_tipi": "konu_anlatimi",
        "ozel_sure_dk": 84,
        "ders_title": "Biyoloji - Konu Anlatımı",
        "sira_no": 1,
        "meta": {
            "sinav_tipi": "TYT",
            "ders_id": "5",
            "liste_id": "69",
            "videos": [
                {
                    "id": 8208,
                    "title": "15) Organeller : Endoplazmik Retikulum , Golgi , Lizozom",
                    "duration": 23
                },
                {
                    "id": 8209,
                    "title": "16) Organeller : Ribozom , Sentrozom , Koful",
                    "duration": 18
                },
                {
                    "id": 8210,
                    "title": "17) Organeller : Mitokondri , Plastitler , Peroksizom",
                    "duration": 28
                },
                {
                    "id": 8211,
                    "title": "18) Sitoplazma ve Çekirdek Kısımları",
                    "duration": 15
                }
            ]
        },
        "is_completed": false,
        "completed_at": null,
        "tekrar_quality": null,
        "student_can_edit": false,
        "is_master": true,
        "is_hidden_by_student": false,
        "parent": null,
        "olusturulma_tarihi": "2026-05-04T18:09:42.290Z"
    }
},
{
    "model": "tasks_app.gorevgrubu",
    "pk": 150,
    "fields": {
        "student": [
            "a@gmail.com"
        ],
        "tarih": "2026-05-18",
        "aktivite_tipi": "konu_anlatimi",
        "ozel_sure_dk": 140,
        "ders_title": "Coğrafya - Konu Anlatımı",
        "sira_no": 1,
        "meta": {
            "sinav_tipi": "TYT",
            "ders_id": "89",
            "liste_id": "100",
            "videos": [
                {
                    "id": 11807,
                    "title": "TYT Coğrafya kritik konular kampı | 2026 - 2027 | 12 GÜNDE ( GÜN1 Doğa ve insan Soru çözüm )",
                    "duration": 36
                },
                {
                    "id": 11806,
                    "title": "TYT Coğrafya kritik konular kampı | 2026 - 2027 | 12 GÜNDE (GÜN1 Doğa ve İnsan Konu Anlatım)",
                    "duration": 53
                },
                {
                    "id": 11808,
                    "title": "TYT Coğrafya kritik konular kampı | 2026 - 2027 | 12 GÜNDE (GÜN2 Bölgeler Konu Anlatım)",
                    "duration": 27
                },
                {
                    "id": 11809,
                    "title": "TYT Coğrafya kritik konular kampı | 2026 - 2027 | 12 GÜNDE ( GÜN2 Bölgeler Soru çözüm )",
                    "duration": 24
                }
            ]
        },
        "is_completed": true,
        "completed_at": "2026-05-18T08:31:06.481Z",
        "tekrar_quality": null,
        "student_can_edit": false,
        "is_master": true,
        "is_hidden_by_student": false,
        "parent": null,
        "olusturulma_tarihi": "2026-05-04T19:44:57.066Z"
    }
},
{
    "model": "tasks_app.gorevgrubu",
    "pk": 151,
    "fields": {
        "student": [
            "a@gmail.com"
        ],
        "tarih": "2026-05-19",
        "aktivite_tipi": "konu_anlatimi",
        "ozel_sure_dk": 345,
        "ders_title": "Coğrafya - Konu Anlatımı",
        "sira_no": 1,
        "meta": {
            "sinav_tipi": "TYT",
            "ders_id": "89",
            "liste_id": "100",
            "videos": [
                {
                    "id": 11810,
                    "title": "TYT Coğrafya kritik konular kampı | 2026 - 2027 | 12 GÜNDE (GÜN3 İklim Bilgisi Konu Anlatım)",
                    "duration": 100
                },
                {
                    "id": 11811,
                    "title": "TYT Coğrafya kritik konular kampı | 2026 - 2027 | 12 GÜNDE (GÜN3 İklim Bilgisi soru çözüm)",
                    "duration": 83
                },
                {
                    "id": 11812,
                    "title": "TYT Coğrafya kritik konular kampı | 2026 - 2027 | 12 GÜNDE (GÜN4 Nüfus Konu Anlatım)",
                    "duration": 87
                },
                {
                    "id": 11813,
                    "title": "TYT Coğrafya kritik konular kampı | 2026 - 2027 | 12 GÜNDE ( GÜN4 Nüfus Soru çözüm )",
                    "duration": 75
                }
            ]
        },
        "is_completed": true,
        "completed_at": "2026-05-18T13:05:41.055Z",
        "tekrar_quality": null,
        "student_can_edit": false,
        "is_master": true,
        "is_hidden_by_student": false,
        "parent": null,
        "olusturulma_tarihi": "2026-05-04T19:44:57.887Z"
    }
},
{
    "model": "tasks_app.gorevgrubu",
    "pk": 152,
    "fields": {
        "student": [
            "a@gmail.com"
        ],
        "tarih": "2026-05-20",
        "aktivite_tipi": "konu_anlatimi",
        "ozel_sure_dk": 163,
        "ders_title": "Coğrafya - Konu Anlatımı",
        "sira_no": 1,
        "meta": {
            "sinav_tipi": "TYT",
            "ders_id": "89",
            "liste_id": "100",
            "videos": [
                {
                    "id": 11814,
                    "title": "TYT Coğrafya kritik konular kampı | 2026 - 2027 | 12 GÜNDE (GÜN5 Afetler Konu Anlatım)",
                    "duration": 46
                },
                {
                    "id": 11815,
                    "title": "TYT Coğrafya kritik konular kampı | 2026 - 2027 | 12 GÜNDE ( GÜN5 Afet Soru çözüm )",
                    "duration": 40
                },
                {
                    "id": 11816,
                    "title": "TYT Coğrafya kritik konular kampı | 2026 - 2027 | 12 GÜNDE (GÜN6 İç kuvvetler Konu Anlatım)",
                    "duration": 51
                },
                {
                    "id": 11817,
                    "title": "TYT Coğrafya kritik konular kampı | 2026 - 2027 | 12 GÜNDE (GÜN6 İç kuvvetler soru çözüm)",
                    "duration": 26
                }
            ]
        },
        "is_completed": true,
        "completed_at": "2026-05-18T13:05:40.741Z",
        "tekrar_quality": null,
        "student_can_edit": false,
        "is_master": true,
        "is_hidden_by_student": false,
        "parent": null,
        "olusturulma_tarihi": "2026-05-04T19:45:03.729Z"
    }
},
{
    "model": "tasks_app.gorevgrubu",
    "pk": 153,
    "fields": {
        "student": [
            "a@gmail.com"
        ],
        "tarih": "2026-05-19",
        "aktivite_tipi": "konu_anlatimi",
        "ozel_sure_dk": 163,
        "ders_title": "Coğrafya - Konu Anlatımı",
        "sira_no": 2,
        "meta": {
            "sinav_tipi": "TYT",
            "ders_id": "89",
            "liste_id": "100",
            "videos": [
                {
                    "id": 11814,
                    "title": "TYT Coğrafya kritik konular kampı | 2026 - 2027 | 12 GÜNDE (GÜN5 Afetler Konu Anlatım)",
                    "duration": 46
                },
                {
                    "id": 11815,
                    "title": "TYT Coğrafya kritik konular kampı | 2026 - 2027 | 12 GÜNDE ( GÜN5 Afet Soru çözüm )",
                    "duration": 40
                },
                {
                    "id": 11816,
                    "title": "TYT Coğrafya kritik konular kampı | 2026 - 2027 | 12 GÜNDE (GÜN6 İç kuvvetler Konu Anlatım)",
                    "duration": 51
                },
                {
                    "id": 11817,
                    "title": "TYT Coğrafya kritik konular kampı | 2026 - 2027 | 12 GÜNDE (GÜN6 İç kuvvetler soru çözüm)",
                    "duration": 26
                }
            ]
        },
        "is_completed": true,
        "completed_at": "2026-05-18T13:05:41.926Z",
        "tekrar_quality": null,
        "student_can_edit": false,
        "is_master": true,
        "is_hidden_by_student": false,
        "parent": null,
        "olusturulma_tarihi": "2026-05-04T19:45:09.879Z"
    }
},
{
    "model": "tasks_app.gorevgrubu",
    "pk": 154,
    "fields": {
        "student": [
            "a@gmail.com"
        ],
        "tarih": "2026-05-19",
        "aktivite_tipi": "konu_anlatimi",
        "ozel_sure_dk": 163,
        "ders_title": "Coğrafya - Konu Anlatımı",
        "sira_no": 3,
        "meta": {
            "sinav_tipi": "TYT",
            "ders_id": "89",
            "liste_id": "100",
            "videos": [
                {
                    "id": 11814,
                    "title": "TYT Coğrafya kritik konular kampı | 2026 - 2027 | 12 GÜNDE (GÜN5 Afetler Konu Anlatım)",
                    "duration": 46
                },
                {
                    "id": 11815,
                    "title": "TYT Coğrafya kritik konular kampı | 2026 - 2027 | 12 GÜNDE ( GÜN5 Afet Soru çözüm )",
                    "duration": 40
                },
                {
                    "id": 11816,
                    "title": "TYT Coğrafya kritik konular kampı | 2026 - 2027 | 12 GÜNDE (GÜN6 İç kuvvetler Konu Anlatım)",
                    "duration": 51
                },
                {
                    "id": 11817,
                    "title": "TYT Coğrafya kritik konular kampı | 2026 - 2027 | 12 GÜNDE (GÜN6 İç kuvvetler soru çözüm)",
                    "duration": 26
                }
            ]
        },
        "is_completed": true,
        "completed_at": "2026-05-18T13:05:42.864Z",
        "tekrar_quality": null,
        "student_can_edit": false,
        "is_master": true,
        "is_hidden_by_student": false,
        "parent": null,
        "olusturulma_tarihi": "2026-05-04T19:45:10.741Z"
    }
},
{
    "model": "tasks_app.gorevgrubu",
    "pk": 158,
    "fields": {
        "student": [
            "a@gmail.com"
        ],
        "tarih": "2026-05-10",
        "aktivite_tipi": "soru_cozumu",
        "ozel_sure_dk": 120,
        "ders_title": "TYT - Kimya",
        "sira_no": 3,
        "meta": null,
        "is_completed": false,
        "completed_at": null,
        "tekrar_quality": null,
        "student_can_edit": false,
        "is_master": true,
        "is_hidden_by_student": false,
        "parent": null,
        "olusturulma_tarihi": "2026-05-04T19:51:02.945Z"
    }
},
{
    "model": "tasks_app.gorevgrubu",
    "pk": 159,
    "fields": {
        "student": [
            "a@gmail.com"
        ],
        "tarih": "2026-05-10",
        "aktivite_tipi": "soru_cozumu",
        "ozel_sure_dk": 120,
        "ders_title": "TYT - Kimya",
        "sira_no": 4,
        "meta": null,
        "is_completed": false,
        "completed_at": null,
        "tekrar_quality": null,
        "student_can_edit": false,
        "is_master": true,
        "is_hidden_by_student": false,
        "parent": null,
        "olusturulma_tarihi": "2026-05-04T19:51:05.010Z"
    }
},
{
    "model": "tasks_app.gorevgrubu",
    "pk": 160,
    "fields": {
        "student": [
            "a@gmail.com"
        ],
        "tarih": "2026-05-10",
        "aktivite_tipi": "konu_anlatimi",
        "ozel_sure_dk": 140,
        "ders_title": "Coğrafya - Konu Anlatımı",
        "sira_no": 5,
        "meta": {
            "sinav_tipi": "TYT",
            "ders_id": "89",
            "liste_id": "100",
            "videos": [
                {
                    "id": 11806,
                    "title": "TYT Coğrafya kritik konular kampı | 2026 - 2027 | 12 GÜNDE (GÜN1 Doğa ve İnsan Konu Anlatım)",
                    "duration": 53
                },
                {
                    "id": 11807,
                    "title": "TYT Coğrafya kritik konular kampı | 2026 - 2027 | 12 GÜNDE ( GÜN1 Doğa ve insan Soru çözüm )",
                    "duration": 36
                },
                {
                    "id": 11808,
                    "title": "TYT Coğrafya kritik konular kampı | 2026 - 2027 | 12 GÜNDE (GÜN2 Bölgeler Konu Anlatım)",
                    "duration": 27
                },
                {
                    "id": 11809,
                    "title": "TYT Coğrafya kritik konular kampı | 2026 - 2027 | 12 GÜNDE ( GÜN2 Bölgeler Soru çözüm )",
                    "duration": 24
                }
            ]
        },
        "is_completed": false,
        "completed_at": null,
        "tekrar_quality": null,
        "student_can_edit": false,
        "is_master": true,
        "is_hidden_by_student": false,
        "parent": null,
        "olusturulma_tarihi": "2026-05-04T19:51:06.090Z"
    }
},
{
    "model": "tasks_app.gorevgrubu",
    "pk": 161,
    "fields": {
        "student": [
            "a@gmail.com"
        ],
        "tarih": "2026-05-10",
        "aktivite_tipi": "konu_anlatimi",
        "ozel_sure_dk": 140,
        "ders_title": "Coğrafya - Konu Anlatımı",
        "sira_no": 6,
        "meta": {
            "sinav_tipi": "TYT",
            "ders_id": "89",
            "liste_id": "100",
            "videos": [
                {
                    "id": 11806,
                    "title": "TYT Coğrafya kritik konular kampı | 2026 - 2027 | 12 GÜNDE (GÜN1 Doğa ve İnsan Konu Anlatım)",
                    "duration": 53
                },
                {
                    "id": 11807,
                    "title": "TYT Coğrafya kritik konular kampı | 2026 - 2027 | 12 GÜNDE ( GÜN1 Doğa ve insan Soru çözüm )",
                    "duration": 36
                },
                {
                    "id": 11808,
                    "title": "TYT Coğrafya kritik konular kampı | 2026 - 2027 | 12 GÜNDE (GÜN2 Bölgeler Konu Anlatım)",
                    "duration": 27
                },
                {
                    "id": 11809,
                    "title": "TYT Coğrafya kritik konular kampı | 2026 - 2027 | 12 GÜNDE ( GÜN2 Bölgeler Soru çözüm )",
                    "duration": 24
                }
            ]
        },
        "is_completed": false,
        "completed_at": null,
        "tekrar_quality": null,
        "student_can_edit": false,
        "is_master": true,
        "is_hidden_by_student": false,
        "parent": null,
        "olusturulma_tarihi": "2026-05-04T19:56:47.184Z"
    }
},
{
    "model": "tasks_app.gorevgrubu",
    "pk": 333,
    "fields": {
        "student": [
            "a@gmail.com"
        ],
        "tarih": "2026-05-05",
        "aktivite_tipi": "konu_anlatimi",
        "ozel_sure_dk": 345,
        "ders_title": "Coğrafya - Konu Anlatımı",
        "sira_no": 3,
        "meta": {
            "sinav_tipi": "TYT",
            "ders_id": "89",
            "liste_id": "100",
            "videos": [
                {
                    "id": 11810,
                    "title": "TYT Coğrafya kritik konular kampı | 2026 - 2027 | 12 GÜNDE (GÜN3 İklim Bilgisi Konu Anlatım)",
                    "duration": 100
                },
                {
                    "id": 11811,
                    "title": "TYT Coğrafya kritik konular kampı | 2026 - 2027 | 12 GÜNDE (GÜN3 İklim Bilgisi soru çözüm)",
                    "duration": 83
                },
                {
                    "id": 11812,
                    "title": "TYT Coğrafya kritik konular kampı | 2026 - 2027 | 12 GÜNDE (GÜN4 Nüfus Konu Anlatım)",
                    "duration": 87
                },
                {
                    "id": 11813,
                    "title": "TYT Coğrafya kritik konular kampı | 2026 - 2027 | 12 GÜNDE ( GÜN4 Nüfus Soru çözüm )",
                    "duration": 75
                }
            ]
        },
        "is_completed": false,
        "completed_at": null,
        "tekrar_quality": null,
        "student_can_edit": false,
        "is_master": true,
        "is_hidden_by_student": false,
        "parent": null,
        "olusturulma_tarihi": "2026-05-04T20:24:30.296Z"
    }
},
{
    "model": "tasks_app.gorevgrubu",
    "pk": 334,
    "fields": {
        "student": [
            "a@gmail.com"
        ],
        "tarih": "2026-05-06",
        "aktivite_tipi": "konu_anlatimi",
        "ozel_sure_dk": 132,
        "ders_title": "Coğrafya - Konu Anlatımı",
        "sira_no": 2,
        "meta": {
            "sinav_tipi": "TYT",
            "ders_id": "89",
            "liste_id": "100",
            "videos": [
                {
                    "id": 11821,
                    "title": "TYT Coğrafya kritik konular kampı | 2026 - 2027 | GÜN 8 Türkiye'nin yer şekilleri soru çözümü)",
                    "duration": 9
                },
                {
                    "id": 11822,
                    "title": "TYT Coğrafya kritik konular kampı | 2026 - 2027 | GÜN 9 su - toprak - bitki Konu Anlatım)",
                    "duration": 66
                },
                {
                    "id": 11823,
                    "title": "TYT Coğrafya kritik konular kampı | 2026 - 2027 | GÜN 8 su - toprak - bitki soru çözümü )",
                    "duration": 17
                },
                {
                    "id": 11824,
                    "title": "TYT coğrafya kritik konular kampı | 2026-2027 | GÜN 10 Yerleşme - Ekonomi - göç konu anlatımı )",
                    "duration": 40
                }
            ]
        },
        "is_completed": false,
        "completed_at": null,
        "tekrar_quality": null,
        "student_can_edit": false,
        "is_master": true,
        "is_hidden_by_student": false,
        "parent": null,
        "olusturulma_tarihi": "2026-05-04T20:24:36.361Z"
    }
},
{
    "model": "tasks_app.gorevgrubu",
    "pk": 335,
    "fields": {
        "student": [
            "a@gmail.com"
        ],
        "tarih": "2026-05-07",
        "aktivite_tipi": "konu_anlatimi",
        "ozel_sure_dk": 132,
        "ders_title": "Coğrafya - Konu Anlatımı",
        "sira_no": 1,
        "meta": {
            "sinav_tipi": "TYT",
            "ders_id": "89",
            "liste_id": "100",
            "videos": [
                {
                    "id": 11821,
                    "title": "TYT Coğrafya kritik konular kampı | 2026 - 2027 | GÜN 8 Türkiye'nin yer şekilleri soru çözümü)",
                    "duration": 9
                },
                {
                    "id": 11822,
                    "title": "TYT Coğrafya kritik konular kampı | 2026 - 2027 | GÜN 9 su - toprak - bitki Konu Anlatım)",
                    "duration": 66
                },
                {
                    "id": 11823,
                    "title": "TYT Coğrafya kritik konular kampı | 2026 - 2027 | GÜN 8 su - toprak - bitki soru çözümü )",
                    "duration": 17
                },
                {
                    "id": 11824,
                    "title": "TYT coğrafya kritik konular kampı | 2026-2027 | GÜN 10 Yerleşme - Ekonomi - göç konu anlatımı )",
                    "duration": 40
                }
            ]
        },
        "is_completed": false,
        "completed_at": null,
        "tekrar_quality": null,
        "student_can_edit": false,
        "is_master": true,
        "is_hidden_by_student": false,
        "parent": null,
        "olusturulma_tarihi": "2026-05-04T20:24:43.870Z"
    }
},
{
    "model": "tasks_app.gorevgrubu",
    "pk": 336,
    "fields": {
        "student": [
            "a@gmail.com"
        ],
        "tarih": "2026-05-08",
        "aktivite_tipi": "konu_anlatimi",
        "ozel_sure_dk": 79,
        "ders_title": "Coğrafya - Konu Anlatımı",
        "sira_no": 1,
        "meta": {
            "sinav_tipi": "TYT",
            "ders_id": "89",
            "liste_id": "100",
            "videos": [
                {
                    "id": 11825,
                    "title": "TYT coğrafya kritik konular kampı | 2026-2027 | GÜN 10 Yerleşme - Ekonomi - göç soru çözüm )",
                    "duration": 15
                },
                {
                    "id": 11826,
                    "title": "TYT coğrafya kritik konular kampı | 2026-2027 | GÜN 11 Ulaşım )",
                    "duration": 25
                },
                {
                    "id": 11827,
                    "title": "TYT coğrafya kritik konular kampı | 2026-2027 | GÜN 12 Coğrafi konum - Harita bilgisi  )",
                    "duration": 39
                }
            ]
        },
        "is_completed": false,
        "completed_at": null,
        "tekrar_quality": null,
        "student_can_edit": false,
        "is_master": true,
        "is_hidden_by_student": false,
        "parent": null,
        "olusturulma_tarihi": "2026-05-04T20:29:07.915Z"
    }
},
{
    "model": "tasks_app.gorevgrubu",
    "pk": 337,
    "fields": {
        "student": [
            "a@gmail.com"
        ],
        "tarih": "2026-05-09",
        "aktivite_tipi": "konu_anlatimi",
        "ozel_sure_dk": 79,
        "ders_title": "Coğrafya - Konu Anlatımı",
        "sira_no": 1,
        "meta": {
            "sinav_tipi": "TYT",
            "ders_id": "89",
            "liste_id": "100",
            "videos": [
                {
                    "id": 11825,
                    "title": "TYT coğrafya kritik konular kampı | 2026-2027 | GÜN 10 Yerleşme - Ekonomi - göç soru çözüm )",
                    "duration": 15
                },
                {
                    "id": 11826,
                    "title": "TYT coğrafya kritik konular kampı | 2026-2027 | GÜN 11 Ulaşım )",
                    "duration": 25
                },
                {
                    "id": 11827,
                    "title": "TYT coğrafya kritik konular kampı | 2026-2027 | GÜN 12 Coğrafi konum - Harita bilgisi  )",
                    "duration": 39
                }
            ]
        },
        "is_completed": false,
        "completed_at": null,
        "tekrar_quality": null,
        "student_can_edit": false,
        "is_master": true,
        "is_hidden_by_student": false,
        "parent": null,
        "olusturulma_tarihi": "2026-05-04T20:29:16.249Z"
    }
},
{
    "model": "tasks_app.gorevgrubu",
    "pk": 338,
    "fields": {
        "student": [
            "a@gmail.com"
        ],
        "tarih": "2026-05-11",
        "aktivite_tipi": "konu_anlatimi",
        "ozel_sure_dk": 226,
        "ders_title": "Matematik - Konu Anlatımı",
        "sira_no": 2,
        "meta": {
            "sinav_tipi": "TYT",
            "ders_id": "1",
            "liste_id": "75",
            "videos": [
                {
                    "id": 8514,
                    "title": "49 Günde TYT Matematik Kampı 7.Gün | Rasyonel Sayılar 1 | Rehber Matematik",
                    "duration": 77
                },
                {
                    "id": 8515,
                    "title": "49 Günde TYT Matematik Kampı 8.Gün | Rasyonel Sayılar 2 | Rehber Matematik",
                    "duration": 78
                },
                {
                    "id": 8516,
                    "title": "49 Günde TYT Matematik Kampı 9.Gün | Rasyonel Sayılar 3 | Rehber Matematik",
                    "duration": 71
                }
            ]
        },
        "is_completed": false,
        "completed_at": null,
        "tekrar_quality": null,
        "student_can_edit": false,
        "is_master": true,
        "is_hidden_by_student": false,
        "parent": null,
        "olusturulma_tarihi": "2026-05-04T20:29:35.436Z"
    }
},
{
    "model": "tasks_app.gorevgrubu",
    "pk": 339,
    "fields": {
        "student": [
            "a@gmail.com"
        ],
        "tarih": "2026-05-12",
        "aktivite_tipi": "konu_anlatimi",
        "ozel_sure_dk": 265,
        "ders_title": "Matematik - Konu Anlatımı",
        "sira_no": 2,
        "meta": {
            "sinav_tipi": "TYT",
            "ders_id": "1",
            "liste_id": "75",
            "videos": [
                {
                    "id": 8520,
                    "title": "49 Günde TYT Matematik Kampı 12.Gün | EBOB EKOK Kuralları | Rehber Matematik",
                    "duration": 77
                },
                {
                    "id": 8521,
                    "title": "49 Günde TYT Matematik Kampı 13.Gün | EBOB EKOK Problemleri | Rehber Matematik",
                    "duration": 95
                },
                {
                    "id": 8522,
                    "title": "TYT Tekrar Kampı | TYT Matematik FULL CHECK-UP # 4 | Rehber Matematik",
                    "duration": 93
                }
            ]
        },
        "is_completed": false,
        "completed_at": null,
        "tekrar_quality": null,
        "student_can_edit": false,
        "is_master": true,
        "is_hidden_by_student": false,
        "parent": null,
        "olusturulma_tarihi": "2026-05-04T20:29:36.131Z"
    }
},
{
    "model": "tasks_app.gorevgrubu",
    "pk": 340,
    "fields": {
        "student": [
            "a@gmail.com"
        ],
        "tarih": "2026-05-13",
        "aktivite_tipi": "konu_anlatimi",
        "ozel_sure_dk": 265,
        "ders_title": "Matematik - Konu Anlatımı",
        "sira_no": 3,
        "meta": {
            "sinav_tipi": "TYT",
            "ders_id": "1",
            "liste_id": "75",
            "videos": [
                {
                    "id": 8520,
                    "title": "49 Günde TYT Matematik Kampı 12.Gün | EBOB EKOK Kuralları | Rehber Matematik",
                    "duration": 77
                },
                {
                    "id": 8521,
                    "title": "49 Günde TYT Matematik Kampı 13.Gün | EBOB EKOK Problemleri | Rehber Matematik",
                    "duration": 95
                },
                {
                    "id": 8522,
                    "title": "TYT Tekrar Kampı | TYT Matematik FULL CHECK-UP # 4 | Rehber Matematik",
                    "duration": 93
                }
            ]
        },
        "is_completed": false,
        "completed_at": null,
        "tekrar_quality": null,
        "student_can_edit": false,
        "is_master": true,
        "is_hidden_by_student": false,
        "parent": null,
        "olusturulma_tarihi": "2026-05-04T20:29:53.727Z"
    }
},
{
    "model": "tasks_app.gorevgrubu",
    "pk": 341,
    "fields": {
        "student": [
            "a@gmail.com"
        ],
        "tarih": "2026-05-14",
        "aktivite_tipi": "konu_anlatimi",
        "ozel_sure_dk": 90,
        "ders_title": "Fizik - Konu Anlatımı",
        "sira_no": 2,
        "meta": {
            "sinav_tipi": "TYT",
            "ders_id": "2",
            "liste_id": "57",
            "videos": [
                {
                    "id": 6568,
                    "title": "50 Günde TYT Fizik Kampı Başlıyor | 2026 ve 2027 YKS #tytfizik",
                    "duration": 25
                },
                {
                    "id": 6569,
                    "title": "Fizik Bilimine Giriş Konu Anlatımı - 1 | 50 Günde TYT Fizik Kampı",
                    "duration": 35
                },
                {
                    "id": 6570,
                    "title": "Fizik Bilimine Giriş Konu Anlatımı - 2 | 50 Günde TYT Fizik Kampı",
                    "duration": 30
                }
            ]
        },
        "is_completed": false,
        "completed_at": null,
        "tekrar_quality": null,
        "student_can_edit": false,
        "is_master": true,
        "is_hidden_by_student": false,
        "parent": null,
        "olusturulma_tarihi": "2026-05-13T21:02:44.131Z"
    }
},
{
    "model": "tasks_app.gorevgrubu",
    "pk": 342,
    "fields": {
        "student": [
            "a@gmail.com"
        ],
        "tarih": "2026-05-14",
        "aktivite_tipi": "konu_anlatimi",
        "ozel_sure_dk": 97,
        "ders_title": "Biyoloji - Konu Anlatımı",
        "sira_no": 3,
        "meta": {
            "sinav_tipi": "TYT",
            "ders_id": "5",
            "liste_id": "39",
            "videos": [
                {
                    "id": 5514,
                    "title": "1) Canlıların Ortak Özellikleri",
                    "duration": 38
                },
                {
                    "id": 5515,
                    "title": "2) İnorganik Maddeler",
                    "duration": 24
                },
                {
                    "id": 5516,
                    "title": "3) Karbonhidratlar",
                    "duration": 35
                }
            ]
        },
        "is_completed": false,
        "completed_at": null,
        "tekrar_quality": null,
        "student_can_edit": false,
        "is_master": true,
        "is_hidden_by_student": false,
        "parent": null,
        "olusturulma_tarihi": "2026-05-14T08:54:27.827Z"
    }
},
{
    "model": "tasks_app.gorevgrubu",
    "pk": 343,
    "fields": {
        "student": [
            "a@gmail.com"
        ],
        "tarih": "2026-05-14",
        "aktivite_tipi": "konu_anlatimi",
        "ozel_sure_dk": 116,
        "ders_title": "Coğrafya - Konu Anlatımı",
        "sira_no": 4,
        "meta": {
            "sinav_tipi": "TYT",
            "ders_id": "89",
            "liste_id": "100",
            "liste_baslik": "12 GÜNDE TYT COĞRAFYA KRİTİK KONULAR  | 2026-2027 | Coğrafyanın Kodları",
            "videos": [
                {
                    "id": 11806,
                    "title": "TYT Coğrafya kritik konular kampı | 2026 - 2027 | 12 GÜNDE (GÜN1 Doğa ve İnsan Konu Anlatım)",
                    "duration": 53
                },
                {
                    "id": 11807,
                    "title": "TYT Coğrafya kritik konular kampı | 2026 - 2027 | 12 GÜNDE ( GÜN1 Doğa ve insan Soru çözüm )",
                    "duration": 36
                },
                {
                    "id": 11808,
                    "title": "TYT Coğrafya kritik konular kampı | 2026 - 2027 | 12 GÜNDE (GÜN2 Bölgeler Konu Anlatım)",
                    "duration": 27
                }
            ]
        },
        "is_completed": true,
        "completed_at": "2026-05-17T09:00:04.019Z",
        "tekrar_quality": null,
        "student_can_edit": false,
        "is_master": true,
        "is_hidden_by_student": false,
        "parent": null,
        "olusturulma_tarihi": "2026-05-14T09:16:51.238Z"
    }
},
{
    "model": "tasks_app.gorevgrubu",
    "pk": 344,
    "fields": {
        "student": [
            "student_step5@test.com"
        ],
        "tarih": "2026-05-14",
        "aktivite_tipi": "konu_anlatimi",
        "ozel_sure_dk": 62,
        "ders_title": "Biyoloji - Konu Anlatımı",
        "sira_no": 1,
        "meta": {
            "sinav_tipi": "TYT",
            "ders_id": "5",
            "liste_id": "39",
            "liste_baslik": "(GÜNCEL) TYT BİYOLOJİ KONULARI | Selin Hoca Biyoloji",
            "videos": [
                {
                    "id": 5514,
                    "title": "1) Canlıların Ortak Özellikleri",
                    "duration": 38
                },
                {
                    "id": 5515,
                    "title": "2) İnorganik Maddeler",
                    "duration": 24
                }
            ]
        },
        "is_completed": false,
        "completed_at": null,
        "tekrar_quality": null,
        "student_can_edit": false,
        "is_master": true,
        "is_hidden_by_student": false,
        "parent": null,
        "olusturulma_tarihi": "2026-05-14T20:50:28.532Z"
    }
},
{
    "model": "tasks_app.gorevgrubu",
    "pk": 345,
    "fields": {
        "student": [
            "a@gmail.com"
        ],
        "tarih": "2026-05-14",
        "aktivite_tipi": "konu_anlatimi",
        "ozel_sure_dk": 184,
        "ders_title": "Matematik - Konu Anlatımı",
        "sira_no": 5,
        "meta": {
            "sinav_tipi": "TYT",
            "ders_id": "1",
            "liste_id": "75",
            "liste_baslik": "",
            "videos": [
                {
                    "id": 8523,
                    "title": "49 Günde TYT Matematik Kampı 14.Gün | I.Dereceden Denklemler | Rehber Matematik",
                    "duration": 64
                },
                {
                    "id": 8524,
                    "title": "49 Günde TYT Matematik Kampı 15.Gün 1.Video | Basit Eşitsizlikler | Rehber Matematik",
                    "duration": 66
                },
                {
                    "id": 8525,
                    "title": "49 Günde TYT Matematik Kampı 15.Gün 2.Video | Basit Eşitsizlikler | Rehber Matematik",
                    "duration": 54
                }
            ]
        },
        "is_completed": false,
        "completed_at": null,
        "tekrar_quality": null,
        "student_can_edit": false,
        "is_master": true,
        "is_hidden_by_student": false,
        "parent": null,
        "olusturulma_tarihi": "2026-05-16T19:45:47.605Z"
    }
},
{
    "model": "tasks_app.gorevgrubu",
    "pk": 346,
    "fields": {
        "student": [
            "a@gmail.com"
        ],
        "tarih": "2026-05-15",
        "aktivite_tipi": "konu_anlatimi",
        "ozel_sure_dk": 184,
        "ders_title": "Matematik - Konu Anlatımı",
        "sira_no": 1,
        "meta": {
            "sinav_tipi": "TYT",
            "ders_id": "1",
            "liste_id": "75",
            "liste_baslik": "",
            "videos": [
                {
                    "id": 8523,
                    "title": "49 Günde TYT Matematik Kampı 14.Gün | I.Dereceden Denklemler | Rehber Matematik",
                    "duration": 64
                },
                {
                    "id": 8524,
                    "title": "49 Günde TYT Matematik Kampı 15.Gün 1.Video | Basit Eşitsizlikler | Rehber Matematik",
                    "duration": 66
                },
                {
                    "id": 8525,
                    "title": "49 Günde TYT Matematik Kampı 15.Gün 2.Video | Basit Eşitsizlikler | Rehber Matematik",
                    "duration": 54
                }
            ]
        },
        "is_completed": false,
        "completed_at": null,
        "tekrar_quality": null,
        "student_can_edit": false,
        "is_master": true,
        "is_hidden_by_student": false,
        "parent": null,
        "olusturulma_tarihi": "2026-05-16T19:45:54.716Z"
    }
},
{
    "model": "tasks_app.grupdetay",
    "pk": 5,
    "fields": {
        "grup": 3,
        "aciklama": "Vid C",
        "sure_bilgisi": "5 dk"
    }
},
{
    "model": "tasks_app.grupdetay",
    "pk": 6,
    "fields": {
        "grup": 4,
        "aciklama": "Note",
        "sure_bilgisi": null
    }
},
{
    "model": "tasks_app.grupdetay",
    "pk": 20,
    "fields": {
        "grup": 8,
        "aciklama": "TYT Coğrafya kritik konular kampı | 2026 - 2027 | 12 GÜNDE (GÜN1 Doğa ve İnsan Konu Anlatım)",
        "sure_bilgisi": "53 dk"
    }
},
{
    "model": "tasks_app.grupdetay",
    "pk": 21,
    "fields": {
        "grup": 8,
        "aciklama": "TYT Coğrafya kritik konular kampı | 2026 - 2027 | 12 GÜNDE ( GÜN1 Doğa ve insan Soru çözüm )",
        "sure_bilgisi": "36 dk"
    }
},
{
    "model": "tasks_app.grupdetay",
    "pk": 22,
    "fields": {
        "grup": 8,
        "aciklama": "TYT Coğrafya kritik konular kampı | 2026 - 2027 | 12 GÜNDE (GÜN2 Bölgeler Konu Anlatım)",
        "sure_bilgisi": "27 dk"
    }
},
{
    "model": "tasks_app.grupdetay",
    "pk": 23,
    "fields": {
        "grup": 8,
        "aciklama": "TYT Coğrafya kritik konular kampı | 2026 - 2027 | 12 GÜNDE ( GÜN2 Bölgeler Soru çözüm )",
        "sure_bilgisi": "24 dk"
    }
},
{
    "model": "tasks_app.grupdetay",
    "pk": 24,
    "fields": {
        "grup": 9,
        "aciklama": "TYT Coğrafya kritik konular kampı | 2026 - 2027 | 12 GÜNDE (GÜN1 Doğa ve İnsan Konu Anlatım)",
        "sure_bilgisi": "53 dk"
    }
},
{
    "model": "tasks_app.grupdetay",
    "pk": 25,
    "fields": {
        "grup": 9,
        "aciklama": "TYT Coğrafya kritik konular kampı | 2026 - 2027 | 12 GÜNDE ( GÜN1 Doğa ve insan Soru çözüm )",
        "sure_bilgisi": "36 dk"
    }
},
{
    "model": "tasks_app.grupdetay",
    "pk": 26,
    "fields": {
        "grup": 9,
        "aciklama": "TYT Coğrafya kritik konular kampı | 2026 - 2027 | 12 GÜNDE (GÜN2 Bölgeler Konu Anlatım)",
        "sure_bilgisi": "27 dk"
    }
},
{
    "model": "tasks_app.grupdetay",
    "pk": 27,
    "fields": {
        "grup": 9,
        "aciklama": "TYT Coğrafya kritik konular kampı | 2026 - 2027 | 12 GÜNDE ( GÜN2 Bölgeler Soru çözüm )",
        "sure_bilgisi": "24 dk"
    }
},
{
    "model": "tasks_app.grupdetay",
    "pk": 34,
    "fields": {
        "grup": 13,
        "aciklama": "2026 TYT Biyoloji Müfredatı ve Konuları (Tüm Detaylarıyla)",
        "sure_bilgisi": "10 dk"
    }
},
{
    "model": "tasks_app.grupdetay",
    "pk": 35,
    "fields": {
        "grup": 13,
        "aciklama": "Senin Biyolojin Yayınları TYT - AYT Biyoloji Kitap İncelemesi",
        "sure_bilgisi": "11 dk"
    }
},
{
    "model": "tasks_app.grupdetay",
    "pk": 36,
    "fields": {
        "grup": 13,
        "aciklama": "Biyoloji Çalışmaya Başlamadan Önce Bilmeniz Gereken Terimler",
        "sure_bilgisi": "36 dk"
    }
},
{
    "model": "tasks_app.grupdetay",
    "pk": 37,
    "fields": {
        "grup": 13,
        "aciklama": "Biyoloji Dersi Nasıl Çalışılır ? Sıklıkla Yapılan Yanlışlar !",
        "sure_bilgisi": "17 dk"
    }
},
{
    "model": "tasks_app.grupdetay",
    "pk": 38,
    "fields": {
        "grup": 14,
        "aciklama": "2026 TYT Biyoloji Müfredatı ve Konuları (Tüm Detaylarıyla)",
        "sure_bilgisi": "10 dk"
    }
},
{
    "model": "tasks_app.grupdetay",
    "pk": 39,
    "fields": {
        "grup": 14,
        "aciklama": "Senin Biyolojin Yayınları TYT - AYT Biyoloji Kitap İncelemesi",
        "sure_bilgisi": "11 dk"
    }
},
{
    "model": "tasks_app.grupdetay",
    "pk": 40,
    "fields": {
        "grup": 14,
        "aciklama": "Biyoloji Çalışmaya Başlamadan Önce Bilmeniz Gereken Terimler",
        "sure_bilgisi": "36 dk"
    }
},
{
    "model": "tasks_app.grupdetay",
    "pk": 41,
    "fields": {
        "grup": 14,
        "aciklama": "Biyoloji Dersi Nasıl Çalışılır ? Sıklıkla Yapılan Yanlışlar !",
        "sure_bilgisi": "17 dk"
    }
},
{
    "model": "tasks_app.grupdetay",
    "pk": 45,
    "fields": {
        "grup": 16,
        "aciklama": "50 Günde TYT Fizik Kampı Başlıyor | 2026 ve 2027 YKS #tytfizik",
        "sure_bilgisi": "25 dk"
    }
},
{
    "model": "tasks_app.grupdetay",
    "pk": 46,
    "fields": {
        "grup": 16,
        "aciklama": "Fizik Bilimine Giriş Konu Anlatımı - 1 | 50 Günde TYT Fizik Kampı",
        "sure_bilgisi": "35 dk"
    }
},
{
    "model": "tasks_app.grupdetay",
    "pk": 47,
    "fields": {
        "grup": 16,
        "aciklama": "Fizik Bilimine Giriş Konu Anlatımı - 2 | 50 Günde TYT Fizik Kampı",
        "sure_bilgisi": "30 dk"
    }
},
{
    "model": "tasks_app.grupdetay",
    "pk": 52,
    "fields": {
        "grup": 18,
        "aciklama": "TYT BİYOLOJİ KAMPI | 39 GÜNDE | 2025 -TYT Biyoloji Çalışma Programı - 0. GÜN",
        "sure_bilgisi": "6 dk"
    }
},
{
    "model": "tasks_app.grupdetay",
    "pk": 53,
    "fields": {
        "grup": 18,
        "aciklama": "Canlıların Genel Özellikleri | 39 Günde TYT Biyoloji Kampı | 1. GÜN | yks2025",
        "sure_bilgisi": "34 dk"
    }
},
{
    "model": "tasks_app.grupdetay",
    "pk": 54,
    "fields": {
        "grup": 18,
        "aciklama": "İnorganik Bileşikler | 39 Günde TYT Biyoloji Kampı | 2. GÜN | yks2025",
        "sure_bilgisi": "34 dk"
    }
},
{
    "model": "tasks_app.grupdetay",
    "pk": 55,
    "fields": {
        "grup": 18,
        "aciklama": "Canlıların Genel Özellikleri Soru Çözümü | yks2025 | Biyoloji Soru Çözümü | 1.GÜN",
        "sure_bilgisi": "8 dk"
    }
},
{
    "model": "tasks_app.grupdetay",
    "pk": 56,
    "fields": {
        "grup": 19,
        "aciklama": "Coğrafya Türkiye haritası zemin hazırla | TYT COĞRAFYA KAMPI 2026-2027",
        "sure_bilgisi": "21 dk"
    }
},
{
    "model": "tasks_app.grupdetay",
    "pk": 57,
    "fields": {
        "grup": 19,
        "aciklama": "Dünya dağlar ve çöller harita bilgisi çalışması 📌2026 GÜN1  (Kodlamalarla)",
        "sure_bilgisi": "38 dk"
    }
},
{
    "model": "tasks_app.grupdetay",
    "pk": 58,
    "fields": {
        "grup": 19,
        "aciklama": "Dünya iklimler ve nüfus harita bilgisi çalışması 📌2026 GÜN2  (Kodlamalarla)",
        "sure_bilgisi": "54 dk"
    }
},
{
    "model": "tasks_app.grupdetay",
    "pk": 74,
    "fields": {
        "grup": 23,
        "aciklama": "Sözleşme İmzalıyoruz! | 0.Gün | 70 Günde TYT Matematik Kampı | 2025",
        "sure_bilgisi": "12 dk"
    }
},
{
    "model": "tasks_app.grupdetay",
    "pk": 75,
    "fields": {
        "grup": 23,
        "aciklama": "70 Günde TYT Matematik-2026 Başlıyor! ( Yol Haritası ! )",
        "sure_bilgisi": "55 dk"
    }
},
{
    "model": "tasks_app.grupdetay",
    "pk": 76,
    "fields": {
        "grup": 23,
        "aciklama": "Sayı Kümeleri | 1.Gün - 1.Video | 70 Günde TYT Matematik Kampı | 2025",
        "sure_bilgisi": "63 dk"
    }
},
{
    "model": "tasks_app.grupdetay",
    "pk": 77,
    "fields": {
        "grup": 23,
        "aciklama": "Pozitif ve Negatif Sayılar| 1.Gün - 2.Video | 70 Günde TYT Matematik Kampı | 2025",
        "sure_bilgisi": "41 dk"
    }
},
{
    "model": "tasks_app.grupdetay",
    "pk": 82,
    "fields": {
        "grup": 24,
        "aciklama": "En Büyük ve En Küçük Değer-1 | 2.Gün - 1.Video | 70 Günde TYT Matematik Kampı | 2025",
        "sure_bilgisi": "48 dk"
    }
},
{
    "model": "tasks_app.grupdetay",
    "pk": 83,
    "fields": {
        "grup": 24,
        "aciklama": "En Büyük ve En Küçük Değer-2 | 2.Gün - 2.Video | 70 Günde TYT Matematik Kampı | 2025",
        "sure_bilgisi": "25 dk"
    }
},
{
    "model": "tasks_app.grupdetay",
    "pk": 84,
    "fields": {
        "grup": 24,
        "aciklama": "Tek ve Çift Sayılar-1 | 3.Gün - 1.Video | 70 Günde TYT Matematik Kampı | 2025",
        "sure_bilgisi": "56 dk"
    }
},
{
    "model": "tasks_app.grupdetay",
    "pk": 85,
    "fields": {
        "grup": 24,
        "aciklama": "Tek ve Çift Sayılar-2 | 3.Gün - 2.Video | 70 Günde TYT Matematik Kampı | 2025",
        "sure_bilgisi": "36 dk"
    }
},
{
    "model": "tasks_app.grupdetay",
    "pk": 94,
    "fields": {
        "grup": 26,
        "aciklama": "Ardışık Sayılar | 4.Gün - 1.Video | 70 Günde TYT Matematik Kampı | 2025",
        "sure_bilgisi": "57 dk"
    }
},
{
    "model": "tasks_app.grupdetay",
    "pk": 95,
    "fields": {
        "grup": 26,
        "aciklama": "Ardışık Sayı Örüntüleri | 4.Gün - 2.Video | 70 Günde TYT Matematik Kampı | 2025",
        "sure_bilgisi": "47 dk"
    }
},
{
    "model": "tasks_app.grupdetay",
    "pk": 96,
    "fields": {
        "grup": 26,
        "aciklama": "Asal Sayılar | 5.Gün - 1.Video | 70 Günde TYT Matematik Kampı | 2025",
        "sure_bilgisi": "71 dk"
    }
},
{
    "model": "tasks_app.grupdetay",
    "pk": 97,
    "fields": {
        "grup": 26,
        "aciklama": "Faktöriyel | 5.Gün - 2.Video | 70 Günde TYT Matematik Kampı | 2025",
        "sure_bilgisi": "42 dk"
    }
},
{
    "model": "tasks_app.grupdetay",
    "pk": 110,
    "fields": {
        "grup": 28,
        "aciklama": "Simetrik Deneme - 1 | 2. Gün 3. Ders",
        "sure_bilgisi": "5 dk"
    }
},
{
    "model": "tasks_app.grupdetay",
    "pk": 111,
    "fields": {
        "grup": 28,
        "aciklama": "YouTube Gelişim İzleme Sınavı (YouGİS) - 1 | 2. Gün 4. Ders",
        "sure_bilgisi": "12 dk"
    }
},
{
    "model": "tasks_app.grupdetay",
    "pk": 112,
    "fields": {
        "grup": 28,
        "aciklama": "01. Tekrar Soru Kampı | Kimya Bilimi",
        "sure_bilgisi": "23 dk"
    }
},
{
    "model": "tasks_app.grupdetay",
    "pk": 113,
    "fields": {
        "grup": 28,
        "aciklama": "01. TYT Kimya Rehberi | İlk Ünite Bitti",
        "sure_bilgisi": "14 dk"
    }
},
{
    "model": "tasks_app.grupdetay",
    "pk": 118,
    "fields": {
        "grup": 29,
        "aciklama": "Atom Modelleri - 2 | 3. Gün 1. Ders | 2. Video",
        "sure_bilgisi": "21 dk"
    }
},
{
    "model": "tasks_app.grupdetay",
    "pk": 119,
    "fields": {
        "grup": 29,
        "aciklama": "Atom Modelleri - 1 | 3. Gün 1. Ders | 1. Video",
        "sure_bilgisi": "17 dk"
    }
},
{
    "model": "tasks_app.grupdetay",
    "pk": 120,
    "fields": {
        "grup": 29,
        "aciklama": "Atomun Yapısı - 1 | 3. Gün 2. Ders | 1. Video",
        "sure_bilgisi": "37 dk"
    }
},
{
    "model": "tasks_app.grupdetay",
    "pk": 121,
    "fields": {
        "grup": 29,
        "aciklama": "Atomun Yapısı - 2 | 3. Gün 2. Ders | 2. Video",
        "sure_bilgisi": "18 dk"
    }
},
{
    "model": "tasks_app.grupdetay",
    "pk": 122,
    "fields": {
        "grup": 25,
        "aciklama": "Faktöriyel | 5.Gün - 2.Video | 70 Günde TYT Matematik Kampı | 2025",
        "sure_bilgisi": "42 dk"
    }
},
{
    "model": "tasks_app.grupdetay",
    "pk": 123,
    "fields": {
        "grup": 25,
        "aciklama": "Temel Kavramlar | Bölüm Bitirme Testi-1 | 6.Gün - 1.Video | 70 Günde TYT Matematik Kampı | 2025",
        "sure_bilgisi": "32 dk"
    }
},
{
    "model": "tasks_app.grupdetay",
    "pk": 124,
    "fields": {
        "grup": 25,
        "aciklama": "Temel Kavramlar | Bölüm Bitirme Testi-2 | 6.Gün - 2.Video | 70 Günde TYT Matematik Kampı | 2025",
        "sure_bilgisi": "35 dk"
    }
},
{
    "model": "tasks_app.grupdetay",
    "pk": 125,
    "fields": {
        "grup": 25,
        "aciklama": "Temel Kavramlar | Efişinado Testi-1 | 7.Gün - 1.Video | 70 Günde TYT Matematik Kampı | 2025",
        "sure_bilgisi": "35 dk"
    }
},
{
    "model": "tasks_app.grupdetay",
    "pk": 126,
    "fields": {
        "grup": 30,
        "aciklama": "Faktöriyel | 5.Gün - 2.Video | 70 Günde TYT Matematik Kampı | 2025",
        "sure_bilgisi": "42 dk"
    }
},
{
    "model": "tasks_app.grupdetay",
    "pk": 127,
    "fields": {
        "grup": 30,
        "aciklama": "Temel Kavramlar | Bölüm Bitirme Testi-1 | 6.Gün - 1.Video | 70 Günde TYT Matematik Kampı | 2025",
        "sure_bilgisi": "32 dk"
    }
},
{
    "model": "tasks_app.grupdetay",
    "pk": 128,
    "fields": {
        "grup": 30,
        "aciklama": "Temel Kavramlar | Bölüm Bitirme Testi-2 | 6.Gün - 2.Video | 70 Günde TYT Matematik Kampı | 2025",
        "sure_bilgisi": "35 dk"
    }
},
{
    "model": "tasks_app.grupdetay",
    "pk": 129,
    "fields": {
        "grup": 30,
        "aciklama": "Temel Kavramlar | Efişinado Testi-1 | 7.Gün - 1.Video | 70 Günde TYT Matematik Kampı | 2025",
        "sure_bilgisi": "35 dk"
    }
},
{
    "model": "tasks_app.grupdetay",
    "pk": 134,
    "fields": {
        "grup": 31,
        "aciklama": "Temel Kavramlar | Efişinado Testi-2 | 7.Gün - 2.Video | 70 Günde TYT Matematik Kampı | 2025",
        "sure_bilgisi": "41 dk"
    }
},
{
    "model": "tasks_app.grupdetay",
    "pk": 135,
    "fields": {
        "grup": 31,
        "aciklama": "Sayı Basamakları-1 | 8.Gün - 1.Video | 70 Günde TYT Matematik Kampı | 2025",
        "sure_bilgisi": "67 dk"
    }
},
{
    "model": "tasks_app.grupdetay",
    "pk": 136,
    "fields": {
        "grup": 31,
        "aciklama": "Sayı Basamakları-2 | 8.Gün - 2.Video | 70 Günde TYT Matematik Kampı | 2025",
        "sure_bilgisi": "35 dk"
    }
},
{
    "model": "tasks_app.grupdetay",
    "pk": 137,
    "fields": {
        "grup": 31,
        "aciklama": "Sayı Basamakları | Bölüm Bitirme Testi-1 | 9.Gün - 1.Video | 70 Günde TYT Matematik Kampı | 2025",
        "sure_bilgisi": "41 dk"
    }
},
{
    "model": "tasks_app.grupdetay",
    "pk": 138,
    "fields": {
        "grup": 32,
        "aciklama": "Temel Kavramlar | Efişinado Testi-2 | 7.Gün - 2.Video | 70 Günde TYT Matematik Kampı | 2025",
        "sure_bilgisi": "41 dk"
    }
},
{
    "model": "tasks_app.grupdetay",
    "pk": 139,
    "fields": {
        "grup": 32,
        "aciklama": "Sayı Basamakları-1 | 8.Gün - 1.Video | 70 Günde TYT Matematik Kampı | 2025",
        "sure_bilgisi": "67 dk"
    }
},
{
    "model": "tasks_app.grupdetay",
    "pk": 140,
    "fields": {
        "grup": 32,
        "aciklama": "Sayı Basamakları-2 | 8.Gün - 2.Video | 70 Günde TYT Matematik Kampı | 2025",
        "sure_bilgisi": "35 dk"
    }
},
{
    "model": "tasks_app.grupdetay",
    "pk": 141,
    "fields": {
        "grup": 32,
        "aciklama": "Sayı Basamakları | Bölüm Bitirme Testi-1 | 9.Gün - 1.Video | 70 Günde TYT Matematik Kampı | 2025",
        "sure_bilgisi": "41 dk"
    }
},
{
    "model": "tasks_app.grupdetay",
    "pk": 142,
    "fields": {
        "grup": 33,
        "aciklama": "2026 YKS'ye Hazır mısın? Şimdi Başla! | 0. GÜN",
        "sure_bilgisi": "14 dk"
    }
},
{
    "model": "tasks_app.grupdetay",
    "pk": 143,
    "fields": {
        "grup": 33,
        "aciklama": "Simyadan Kimyaya | 1.Gün 1. Ders | 1. Video",
        "sure_bilgisi": "20 dk"
    }
},
{
    "model": "tasks_app.grupdetay",
    "pk": 183,
    "fields": {
        "grup": 48,
        "aciklama": "TYT Coğrafya kritik konular kampı | 2026 - 2027 | 12 GÜNDE (GÜN1 Doğa ve İnsan Konu Anlatım)",
        "sure_bilgisi": "53 dk"
    }
},
{
    "model": "tasks_app.grupdetay",
    "pk": 184,
    "fields": {
        "grup": 48,
        "aciklama": "TYT Coğrafya kritik konular kampı | 2026 - 2027 | 12 GÜNDE ( GÜN1 Doğa ve insan Soru çözüm )",
        "sure_bilgisi": "36 dk"
    }
},
{
    "model": "tasks_app.grupdetay",
    "pk": 185,
    "fields": {
        "grup": 48,
        "aciklama": "TYT Coğrafya kritik konular kampı | 2026 - 2027 | 12 GÜNDE (GÜN2 Bölgeler Konu Anlatım)",
        "sure_bilgisi": "27 dk"
    }
},
{
    "model": "tasks_app.grupdetay",
    "pk": 186,
    "fields": {
        "grup": 48,
        "aciklama": "TYT Coğrafya kritik konular kampı | 2026 - 2027 | 12 GÜNDE ( GÜN2 Bölgeler Soru çözüm )",
        "sure_bilgisi": "24 dk"
    }
},
{
    "model": "tasks_app.grupdetay",
    "pk": 195,
    "fields": {
        "grup": 51,
        "aciklama": "ş",
        "sure_bilgisi": "13 dk"
    }
},
{
    "model": "tasks_app.grupdetay",
    "pk": 196,
    "fields": {
        "grup": 51,
        "aciklama": "Coğrafya Türkiye haritası zemin hazırla | TYT COĞRAFYA KAMPI 2026-2027",
        "sure_bilgisi": "21 dk"
    }
},
{
    "model": "tasks_app.grupdetay",
    "pk": 197,
    "fields": {
        "grup": 51,
        "aciklama": "Dünya dağlar ve çöller harita bilgisi çalışması 📌2026 GÜN1  (Kodlamalarla)",
        "sure_bilgisi": "38 dk"
    }
},
{
    "model": "tasks_app.grupdetay",
    "pk": 198,
    "fields": {
        "grup": 51,
        "aciklama": "Dünya iklimler ve nüfus harita bilgisi çalışması 📌2026 GÜN2  (Kodlamalarla)",
        "sure_bilgisi": "54 dk"
    }
},
{
    "model": "tasks_app.grupdetay",
    "pk": 202,
    "fields": {
        "grup": 53,
        "aciklama": "7 günde Dünya harita bilgisi çalışması Kamp 2026 | TÜM SINIFLAR + TYT + AYT",
        "sure_bilgisi": "13 dk"
    }
},
{
    "model": "tasks_app.grupdetay",
    "pk": 203,
    "fields": {
        "grup": 53,
        "aciklama": "Coğrafya Türkiye haritası zemin hazırla | TYT COĞRAFYA KAMPI 2026-2027",
        "sure_bilgisi": "21 dk"
    }
},
{
    "model": "tasks_app.grupdetay",
    "pk": 204,
    "fields": {
        "grup": 53,
        "aciklama": "Dünya dağlar ve çöller harita bilgisi çalışması 📌2026 GÜN1  (Kodlamalarla)",
        "sure_bilgisi": "38 dk"
    }
},
{
    "model": "tasks_app.grupdetay",
    "pk": 205,
    "fields": {
        "grup": 53,
        "aciklama": "Dünya iklimler ve nüfus harita bilgisi çalışması 📌2026 GÜN2  (Kodlamalarla)",
        "sure_bilgisi": "54 dk"
    }
},
{
    "model": "tasks_app.grupdetay",
    "pk": 206,
    "fields": {
        "grup": 54,
        "aciklama": "TYT Coğrafya kritik konular kampı | 2026 - 2027 | 12 GÜNDE (GÜN1 Doğa ve İnsan Konu Anlatım)",
        "sure_bilgisi": "53 dk"
    }
},
{
    "model": "tasks_app.grupdetay",
    "pk": 207,
    "fields": {
        "grup": 54,
        "aciklama": "TYT Coğrafya kritik konular kampı | 2026 - 2027 | 12 GÜNDE ( GÜN1 Doğa ve insan Soru çözüm )",
        "sure_bilgisi": "36 dk"
    }
},
{
    "model": "tasks_app.grupdetay",
    "pk": 208,
    "fields": {
        "grup": 54,
        "aciklama": "TYT Coğrafya kritik konular kampı | 2026 - 2027 | 12 GÜNDE (GÜN2 Bölgeler Konu Anlatım)",
        "sure_bilgisi": "27 dk"
    }
},
{
    "model": "tasks_app.grupdetay",
    "pk": 209,
    "fields": {
        "grup": 54,
        "aciklama": "TYT Coğrafya kritik konular kampı | 2026 - 2027 | 12 GÜNDE ( GÜN2 Bölgeler Soru çözüm )",
        "sure_bilgisi": "24 dk"
    }
},
{
    "model": "tasks_app.grupdetay",
    "pk": 210,
    "fields": {
        "grup": 55,
        "aciklama": "Temel Kavramlar | Efişinado Testi-2 | 7.Gün - 2.Video | 70 Günde TYT Matematik Kampı | 2025",
        "sure_bilgisi": "41 dk"
    }
},
{
    "model": "tasks_app.grupdetay",
    "pk": 211,
    "fields": {
        "grup": 55,
        "aciklama": "Sayı Basamakları-1 | 8.Gün - 1.Video | 70 Günde TYT Matematik Kampı | 2025",
        "sure_bilgisi": "67 dk"
    }
},
{
    "model": "tasks_app.grupdetay",
    "pk": 212,
    "fields": {
        "grup": 55,
        "aciklama": "Sayı Basamakları-2 | 8.Gün - 2.Video | 70 Günde TYT Matematik Kampı | 2025",
        "sure_bilgisi": "35 dk"
    }
},
{
    "model": "tasks_app.grupdetay",
    "pk": 213,
    "fields": {
        "grup": 55,
        "aciklama": "Sayı Basamakları | Bölüm Bitirme Testi-1 | 9.Gün - 1.Video | 70 Günde TYT Matematik Kampı | 2025",
        "sure_bilgisi": "41 dk"
    }
},
{
    "model": "tasks_app.grupdetay",
    "pk": 214,
    "fields": {
        "grup": 56,
        "aciklama": "Simetrik Deneme - 1 | 2. Gün 3. Ders",
        "sure_bilgisi": "5 dk"
    }
},
{
    "model": "tasks_app.grupdetay",
    "pk": 215,
    "fields": {
        "grup": 56,
        "aciklama": "YouTube Gelişim İzleme Sınavı (YouGİS) - 1 | 2. Gün 4. Ders",
        "sure_bilgisi": "12 dk"
    }
},
{
    "model": "tasks_app.grupdetay",
    "pk": 216,
    "fields": {
        "grup": 56,
        "aciklama": "01. Tekrar Soru Kampı | Kimya Bilimi",
        "sure_bilgisi": "23 dk"
    }
},
{
    "model": "tasks_app.grupdetay",
    "pk": 217,
    "fields": {
        "grup": 56,
        "aciklama": "01. TYT Kimya Rehberi | İlk Ünite Bitti",
        "sure_bilgisi": "14 dk"
    }
},
{
    "model": "tasks_app.grupdetay",
    "pk": 218,
    "fields": {
        "grup": 57,
        "aciklama": "2026 TYT Biyoloji Müfredatı ve Konuları (Tüm Detaylarıyla)",
        "sure_bilgisi": "10 dk"
    }
},
{
    "model": "tasks_app.grupdetay",
    "pk": 219,
    "fields": {
        "grup": 57,
        "aciklama": "Senin Biyolojin Yayınları TYT - AYT Biyoloji Kitap İncelemesi",
        "sure_bilgisi": "11 dk"
    }
},
{
    "model": "tasks_app.grupdetay",
    "pk": 220,
    "fields": {
        "grup": 57,
        "aciklama": "Biyoloji Çalışmaya Başlamadan Önce Bilmeniz Gereken Terimler",
        "sure_bilgisi": "36 dk"
    }
},
{
    "model": "tasks_app.grupdetay",
    "pk": 221,
    "fields": {
        "grup": 57,
        "aciklama": "Biyoloji Dersi Nasıl Çalışılır ? Sıklıkla Yapılan Yanlışlar !",
        "sure_bilgisi": "17 dk"
    }
},
{
    "model": "tasks_app.grupdetay",
    "pk": 222,
    "fields": {
        "grup": 58,
        "aciklama": "2026 TYT Biyoloji Müfredatı ve Konuları (Tüm Detaylarıyla)",
        "sure_bilgisi": "10 dk"
    }
},
{
    "model": "tasks_app.grupdetay",
    "pk": 223,
    "fields": {
        "grup": 58,
        "aciklama": "Senin Biyolojin Yayınları TYT - AYT Biyoloji Kitap İncelemesi",
        "sure_bilgisi": "11 dk"
    }
},
{
    "model": "tasks_app.grupdetay",
    "pk": 224,
    "fields": {
        "grup": 58,
        "aciklama": "Biyoloji Çalışmaya Başlamadan Önce Bilmeniz Gereken Terimler",
        "sure_bilgisi": "36 dk"
    }
},
{
    "model": "tasks_app.grupdetay",
    "pk": 225,
    "fields": {
        "grup": 58,
        "aciklama": "Biyoloji Dersi Nasıl Çalışılır ? Sıklıkla Yapılan Yanlışlar !",
        "sure_bilgisi": "17 dk"
    }
},
{
    "model": "tasks_app.grupdetay",
    "pk": 230,
    "fields": {
        "grup": 59,
        "aciklama": "15) Organeller : Endoplazmik Retikulum , Golgi , Lizozom",
        "sure_bilgisi": "23 dk"
    }
},
{
    "model": "tasks_app.grupdetay",
    "pk": 231,
    "fields": {
        "grup": 59,
        "aciklama": "16) Organeller : Ribozom , Sentrozom , Koful",
        "sure_bilgisi": "18 dk"
    }
},
{
    "model": "tasks_app.grupdetay",
    "pk": 232,
    "fields": {
        "grup": 59,
        "aciklama": "17) Organeller : Mitokondri , Plastitler , Peroksizom",
        "sure_bilgisi": "28 dk"
    }
},
{
    "model": "tasks_app.grupdetay",
    "pk": 233,
    "fields": {
        "grup": 59,
        "aciklama": "18) Sitoplazma ve Çekirdek Kısımları",
        "sure_bilgisi": "15 dk"
    }
},
{
    "model": "tasks_app.grupdetay",
    "pk": 511,
    "fields": {
        "grup": 150,
        "aciklama": "TYT Coğrafya kritik konular kampı | 2026 - 2027 | 12 GÜNDE ( GÜN1 Doğa ve insan Soru çözüm )",
        "sure_bilgisi": "36 dk"
    }
},
{
    "model": "tasks_app.grupdetay",
    "pk": 512,
    "fields": {
        "grup": 150,
        "aciklama": "TYT Coğrafya kritik konular kampı | 2026 - 2027 | 12 GÜNDE (GÜN1 Doğa ve İnsan Konu Anlatım)",
        "sure_bilgisi": "53 dk"
    }
},
{
    "model": "tasks_app.grupdetay",
    "pk": 513,
    "fields": {
        "grup": 150,
        "aciklama": "TYT Coğrafya kritik konular kampı | 2026 - 2027 | 12 GÜNDE (GÜN2 Bölgeler Konu Anlatım)",
        "sure_bilgisi": "27 dk"
    }
},
{
    "model": "tasks_app.grupdetay",
    "pk": 514,
    "fields": {
        "grup": 150,
        "aciklama": "TYT Coğrafya kritik konular kampı | 2026 - 2027 | 12 GÜNDE ( GÜN2 Bölgeler Soru çözüm )",
        "sure_bilgisi": "24 dk"
    }
},
{
    "model": "tasks_app.grupdetay",
    "pk": 519,
    "fields": {
        "grup": 151,
        "aciklama": "TYT Coğrafya kritik konular kampı | 2026 - 2027 | 12 GÜNDE (GÜN3 İklim Bilgisi Konu Anlatım)",
        "sure_bilgisi": "100 dk"
    }
},
{
    "model": "tasks_app.grupdetay",
    "pk": 520,
    "fields": {
        "grup": 151,
        "aciklama": "TYT Coğrafya kritik konular kampı | 2026 - 2027 | 12 GÜNDE (GÜN3 İklim Bilgisi soru çözüm)",
        "sure_bilgisi": "83 dk"
    }
},
{
    "model": "tasks_app.grupdetay",
    "pk": 521,
    "fields": {
        "grup": 151,
        "aciklama": "TYT Coğrafya kritik konular kampı | 2026 - 2027 | 12 GÜNDE (GÜN4 Nüfus Konu Anlatım)",
        "sure_bilgisi": "87 dk"
    }
},
{
    "model": "tasks_app.grupdetay",
    "pk": 522,
    "fields": {
        "grup": 151,
        "aciklama": "TYT Coğrafya kritik konular kampı | 2026 - 2027 | 12 GÜNDE ( GÜN4 Nüfus Soru çözüm )",
        "sure_bilgisi": "75 dk"
    }
},
{
    "model": "tasks_app.grupdetay",
    "pk": 527,
    "fields": {
        "grup": 152,
        "aciklama": "TYT Coğrafya kritik konular kampı | 2026 - 2027 | 12 GÜNDE (GÜN5 Afetler Konu Anlatım)",
        "sure_bilgisi": "46 dk"
    }
},
{
    "model": "tasks_app.grupdetay",
    "pk": 528,
    "fields": {
        "grup": 152,
        "aciklama": "TYT Coğrafya kritik konular kampı | 2026 - 2027 | 12 GÜNDE ( GÜN5 Afet Soru çözüm )",
        "sure_bilgisi": "40 dk"
    }
},
{
    "model": "tasks_app.grupdetay",
    "pk": 529,
    "fields": {
        "grup": 152,
        "aciklama": "TYT Coğrafya kritik konular kampı | 2026 - 2027 | 12 GÜNDE (GÜN6 İç kuvvetler Konu Anlatım)",
        "sure_bilgisi": "51 dk"
    }
},
{
    "model": "tasks_app.grupdetay",
    "pk": 530,
    "fields": {
        "grup": 152,
        "aciklama": "TYT Coğrafya kritik konular kampı | 2026 - 2027 | 12 GÜNDE (GÜN6 İç kuvvetler soru çözüm)",
        "sure_bilgisi": "26 dk"
    }
},
{
    "model": "tasks_app.grupdetay",
    "pk": 531,
    "fields": {
        "grup": 153,
        "aciklama": "TYT Coğrafya kritik konular kampı | 2026 - 2027 | 12 GÜNDE (GÜN5 Afetler Konu Anlatım)",
        "sure_bilgisi": "46 dk"
    }
},
{
    "model": "tasks_app.grupdetay",
    "pk": 532,
    "fields": {
        "grup": 153,
        "aciklama": "TYT Coğrafya kritik konular kampı | 2026 - 2027 | 12 GÜNDE ( GÜN5 Afet Soru çözüm )",
        "sure_bilgisi": "40 dk"
    }
},
{
    "model": "tasks_app.grupdetay",
    "pk": 533,
    "fields": {
        "grup": 153,
        "aciklama": "TYT Coğrafya kritik konular kampı | 2026 - 2027 | 12 GÜNDE (GÜN6 İç kuvvetler Konu Anlatım)",
        "sure_bilgisi": "51 dk"
    }
},
{
    "model": "tasks_app.grupdetay",
    "pk": 534,
    "fields": {
        "grup": 153,
        "aciklama": "TYT Coğrafya kritik konular kampı | 2026 - 2027 | 12 GÜNDE (GÜN6 İç kuvvetler soru çözüm)",
        "sure_bilgisi": "26 dk"
    }
},
{
    "model": "tasks_app.grupdetay",
    "pk": 535,
    "fields": {
        "grup": 154,
        "aciklama": "TYT Coğrafya kritik konular kampı | 2026 - 2027 | 12 GÜNDE (GÜN5 Afetler Konu Anlatım)",
        "sure_bilgisi": "46 dk"
    }
},
{
    "model": "tasks_app.grupdetay",
    "pk": 536,
    "fields": {
        "grup": 154,
        "aciklama": "TYT Coğrafya kritik konular kampı | 2026 - 2027 | 12 GÜNDE ( GÜN5 Afet Soru çözüm )",
        "sure_bilgisi": "40 dk"
    }
},
{
    "model": "tasks_app.grupdetay",
    "pk": 537,
    "fields": {
        "grup": 154,
        "aciklama": "TYT Coğrafya kritik konular kampı | 2026 - 2027 | 12 GÜNDE (GÜN6 İç kuvvetler Konu Anlatım)",
        "sure_bilgisi": "51 dk"
    }
},
{
    "model": "tasks_app.grupdetay",
    "pk": 538,
    "fields": {
        "grup": 154,
        "aciklama": "TYT Coğrafya kritik konular kampı | 2026 - 2027 | 12 GÜNDE (GÜN6 İç kuvvetler soru çözüm)",
        "sure_bilgisi": "26 dk"
    }
},
{
    "model": "tasks_app.grupdetay",
    "pk": 545,
    "fields": {
        "grup": 158,
        "aciklama": "ş",
        "sure_bilgisi": ""
    }
},
{
    "model": "tasks_app.grupdetay",
    "pk": 546,
    "fields": {
        "grup": 159,
        "aciklama": "ş",
        "sure_bilgisi": ""
    }
},
{
    "model": "tasks_app.grupdetay",
    "pk": 547,
    "fields": {
        "grup": 160,
        "aciklama": "TYT Coğrafya kritik konular kampı | 2026 - 2027 | 12 GÜNDE (GÜN1 Doğa ve İnsan Konu Anlatım)",
        "sure_bilgisi": "53 dk"
    }
},
{
    "model": "tasks_app.grupdetay",
    "pk": 548,
    "fields": {
        "grup": 160,
        "aciklama": "TYT Coğrafya kritik konular kampı | 2026 - 2027 | 12 GÜNDE ( GÜN1 Doğa ve insan Soru çözüm )",
        "sure_bilgisi": "36 dk"
    }
},
{
    "model": "tasks_app.grupdetay",
    "pk": 549,
    "fields": {
        "grup": 160,
        "aciklama": "TYT Coğrafya kritik konular kampı | 2026 - 2027 | 12 GÜNDE (GÜN2 Bölgeler Konu Anlatım)",
        "sure_bilgisi": "27 dk"
    }
},
{
    "model": "tasks_app.grupdetay",
    "pk": 550,
    "fields": {
        "grup": 160,
        "aciklama": "TYT Coğrafya kritik konular kampı | 2026 - 2027 | 12 GÜNDE ( GÜN2 Bölgeler Soru çözüm )",
        "sure_bilgisi": "24 dk"
    }
},
{
    "model": "tasks_app.grupdetay",
    "pk": 551,
    "fields": {
        "grup": 161,
        "aciklama": "TYT Coğrafya kritik konular kampı | 2026 - 2027 | 12 GÜNDE (GÜN1 Doğa ve İnsan Konu Anlatım)",
        "sure_bilgisi": "53 dk"
    }
},
{
    "model": "tasks_app.grupdetay",
    "pk": 552,
    "fields": {
        "grup": 161,
        "aciklama": "TYT Coğrafya kritik konular kampı | 2026 - 2027 | 12 GÜNDE ( GÜN1 Doğa ve insan Soru çözüm )",
        "sure_bilgisi": "36 dk"
    }
},
{
    "model": "tasks_app.grupdetay",
    "pk": 553,
    "fields": {
        "grup": 161,
        "aciklama": "TYT Coğrafya kritik konular kampı | 2026 - 2027 | 12 GÜNDE (GÜN2 Bölgeler Konu Anlatım)",
        "sure_bilgisi": "27 dk"
    }
},
{
    "model": "tasks_app.grupdetay",
    "pk": 554,
    "fields": {
        "grup": 161,
        "aciklama": "TYT Coğrafya kritik konular kampı | 2026 - 2027 | 12 GÜNDE ( GÜN2 Bölgeler Soru çözüm )",
        "sure_bilgisi": "24 dk"
    }
},
{
    "model": "tasks_app.grupdetay",
    "pk": 1054,
    "fields": {
        "grup": 333,
        "aciklama": "TYT Coğrafya kritik konular kampı | 2026 - 2027 | 12 GÜNDE (GÜN3 İklim Bilgisi Konu Anlatım)",
        "sure_bilgisi": "100 dk"
    }
},
{
    "model": "tasks_app.grupdetay",
    "pk": 1055,
    "fields": {
        "grup": 333,
        "aciklama": "TYT Coğrafya kritik konular kampı | 2026 - 2027 | 12 GÜNDE (GÜN3 İklim Bilgisi soru çözüm)",
        "sure_bilgisi": "83 dk"
    }
},
{
    "model": "tasks_app.grupdetay",
    "pk": 1056,
    "fields": {
        "grup": 333,
        "aciklama": "TYT Coğrafya kritik konular kampı | 2026 - 2027 | 12 GÜNDE (GÜN4 Nüfus Konu Anlatım)",
        "sure_bilgisi": "87 dk"
    }
},
{
    "model": "tasks_app.grupdetay",
    "pk": 1057,
    "fields": {
        "grup": 333,
        "aciklama": "TYT Coğrafya kritik konular kampı | 2026 - 2027 | 12 GÜNDE ( GÜN4 Nüfus Soru çözüm )",
        "sure_bilgisi": "75 dk"
    }
},
{
    "model": "tasks_app.grupdetay",
    "pk": 1062,
    "fields": {
        "grup": 334,
        "aciklama": "TYT Coğrafya kritik konular kampı | 2026 - 2027 | GÜN 8 Türkiye'nin yer şekilleri soru çözümü)",
        "sure_bilgisi": "9 dk"
    }
},
{
    "model": "tasks_app.grupdetay",
    "pk": 1063,
    "fields": {
        "grup": 334,
        "aciklama": "TYT Coğrafya kritik konular kampı | 2026 - 2027 | GÜN 9 su - toprak - bitki Konu Anlatım)",
        "sure_bilgisi": "66 dk"
    }
},
{
    "model": "tasks_app.grupdetay",
    "pk": 1064,
    "fields": {
        "grup": 334,
        "aciklama": "TYT Coğrafya kritik konular kampı | 2026 - 2027 | GÜN 8 su - toprak - bitki soru çözümü )",
        "sure_bilgisi": "17 dk"
    }
},
{
    "model": "tasks_app.grupdetay",
    "pk": 1065,
    "fields": {
        "grup": 334,
        "aciklama": "TYT coğrafya kritik konular kampı | 2026-2027 | GÜN 10 Yerleşme - Ekonomi - göç konu anlatımı )",
        "sure_bilgisi": "40 dk"
    }
},
{
    "model": "tasks_app.grupdetay",
    "pk": 1066,
    "fields": {
        "grup": 335,
        "aciklama": "TYT Coğrafya kritik konular kampı | 2026 - 2027 | GÜN 8 Türkiye'nin yer şekilleri soru çözümü)",
        "sure_bilgisi": "9 dk"
    }
},
{
    "model": "tasks_app.grupdetay",
    "pk": 1067,
    "fields": {
        "grup": 335,
        "aciklama": "TYT Coğrafya kritik konular kampı | 2026 - 2027 | GÜN 9 su - toprak - bitki Konu Anlatım)",
        "sure_bilgisi": "66 dk"
    }
},
{
    "model": "tasks_app.grupdetay",
    "pk": 1068,
    "fields": {
        "grup": 335,
        "aciklama": "TYT Coğrafya kritik konular kampı | 2026 - 2027 | GÜN 8 su - toprak - bitki soru çözümü )",
        "sure_bilgisi": "17 dk"
    }
},
{
    "model": "tasks_app.grupdetay",
    "pk": 1069,
    "fields": {
        "grup": 335,
        "aciklama": "TYT coğrafya kritik konular kampı | 2026-2027 | GÜN 10 Yerleşme - Ekonomi - göç konu anlatımı )",
        "sure_bilgisi": "40 dk"
    }
},
{
    "model": "tasks_app.grupdetay",
    "pk": 1074,
    "fields": {
        "grup": 336,
        "aciklama": "TYT coğrafya kritik konular kampı | 2026-2027 | GÜN 10 Yerleşme - Ekonomi - göç soru çözüm )",
        "sure_bilgisi": "15 dk"
    }
},
{
    "model": "tasks_app.grupdetay",
    "pk": 1075,
    "fields": {
        "grup": 336,
        "aciklama": "TYT coğrafya kritik konular kampı | 2026-2027 | GÜN 11 Ulaşım )",
        "sure_bilgisi": "25 dk"
    }
},
{
    "model": "tasks_app.grupdetay",
    "pk": 1076,
    "fields": {
        "grup": 336,
        "aciklama": "TYT coğrafya kritik konular kampı | 2026-2027 | GÜN 12 Coğrafi konum - Harita bilgisi  )",
        "sure_bilgisi": "39 dk"
    }
},
{
    "model": "tasks_app.grupdetay",
    "pk": 1077,
    "fields": {
        "grup": 337,
        "aciklama": "TYT coğrafya kritik konular kampı | 2026-2027 | GÜN 10 Yerleşme - Ekonomi - göç soru çözüm )",
        "sure_bilgisi": "15 dk"
    }
},
{
    "model": "tasks_app.grupdetay",
    "pk": 1078,
    "fields": {
        "grup": 337,
        "aciklama": "TYT coğrafya kritik konular kampı | 2026-2027 | GÜN 11 Ulaşım )",
        "sure_bilgisi": "25 dk"
    }
},
{
    "model": "tasks_app.grupdetay",
    "pk": 1079,
    "fields": {
        "grup": 337,
        "aciklama": "TYT coğrafya kritik konular kampı | 2026-2027 | GÜN 12 Coğrafi konum - Harita bilgisi  )",
        "sure_bilgisi": "39 dk"
    }
},
{
    "model": "tasks_app.grupdetay",
    "pk": 1080,
    "fields": {
        "grup": 338,
        "aciklama": "49 Günde TYT Matematik Kampı 7.Gün | Rasyonel Sayılar 1 | Rehber Matematik",
        "sure_bilgisi": "77 dk"
    }
},
{
    "model": "tasks_app.grupdetay",
    "pk": 1081,
    "fields": {
        "grup": 338,
        "aciklama": "49 Günde TYT Matematik Kampı 8.Gün | Rasyonel Sayılar 2 | Rehber Matematik",
        "sure_bilgisi": "78 dk"
    }
},
{
    "model": "tasks_app.grupdetay",
    "pk": 1082,
    "fields": {
        "grup": 338,
        "aciklama": "49 Günde TYT Matematik Kampı 9.Gün | Rasyonel Sayılar 3 | Rehber Matematik",
        "sure_bilgisi": "71 dk"
    }
},
{
    "model": "tasks_app.grupdetay",
    "pk": 1089,
    "fields": {
        "grup": 339,
        "aciklama": "49 Günde TYT Matematik Kampı 12.Gün | EBOB EKOK Kuralları | Rehber Matematik",
        "sure_bilgisi": "77 dk"
    }
},
{
    "model": "tasks_app.grupdetay",
    "pk": 1090,
    "fields": {
        "grup": 339,
        "aciklama": "49 Günde TYT Matematik Kampı 13.Gün | EBOB EKOK Problemleri | Rehber Matematik",
        "sure_bilgisi": "95 dk"
    }
},
{
    "model": "tasks_app.grupdetay",
    "pk": 1091,
    "fields": {
        "grup": 339,
        "aciklama": "TYT Tekrar Kampı | TYT Matematik FULL CHECK-UP # 4 | Rehber Matematik",
        "sure_bilgisi": "93 dk"
    }
},
{
    "model": "tasks_app.grupdetay",
    "pk": 1092,
    "fields": {
        "grup": 340,
        "aciklama": "49 Günde TYT Matematik Kampı 12.Gün | EBOB EKOK Kuralları | Rehber Matematik",
        "sure_bilgisi": "77 dk"
    }
},
{
    "model": "tasks_app.grupdetay",
    "pk": 1093,
    "fields": {
        "grup": 340,
        "aciklama": "49 Günde TYT Matematik Kampı 13.Gün | EBOB EKOK Problemleri | Rehber Matematik",
        "sure_bilgisi": "95 dk"
    }
},
{
    "model": "tasks_app.grupdetay",
    "pk": 1094,
    "fields": {
        "grup": 340,
        "aciklama": "TYT Tekrar Kampı | TYT Matematik FULL CHECK-UP # 4 | Rehber Matematik",
        "sure_bilgisi": "93 dk"
    }
},
{
    "model": "tasks_app.grupdetay",
    "pk": 1095,
    "fields": {
        "grup": 341,
        "aciklama": "50 Günde TYT Fizik Kampı Başlıyor | 2026 ve 2027 YKS #tytfizik",
        "sure_bilgisi": "25 dk"
    }
},
{
    "model": "tasks_app.grupdetay",
    "pk": 1096,
    "fields": {
        "grup": 341,
        "aciklama": "Fizik Bilimine Giriş Konu Anlatımı - 1 | 50 Günde TYT Fizik Kampı",
        "sure_bilgisi": "35 dk"
    }
},
{
    "model": "tasks_app.grupdetay",
    "pk": 1097,
    "fields": {
        "grup": 341,
        "aciklama": "Fizik Bilimine Giriş Konu Anlatımı - 2 | 50 Günde TYT Fizik Kampı",
        "sure_bilgisi": "30 dk"
    }
},
{
    "model": "tasks_app.grupdetay",
    "pk": 1098,
    "fields": {
        "grup": 342,
        "aciklama": "1) Canlıların Ortak Özellikleri",
        "sure_bilgisi": "38 dk"
    }
},
{
    "model": "tasks_app.grupdetay",
    "pk": 1099,
    "fields": {
        "grup": 342,
        "aciklama": "2) İnorganik Maddeler",
        "sure_bilgisi": "24 dk"
    }
},
{
    "model": "tasks_app.grupdetay",
    "pk": 1100,
    "fields": {
        "grup": 342,
        "aciklama": "3) Karbonhidratlar",
        "sure_bilgisi": "35 dk"
    }
},
{
    "model": "tasks_app.grupdetay",
    "pk": 1101,
    "fields": {
        "grup": 343,
        "aciklama": "TYT Coğrafya kritik konular kampı | 2026 - 2027 | 12 GÜNDE (GÜN1 Doğa ve İnsan Konu Anlatım)",
        "sure_bilgisi": "53 dk"
    }
},
{
    "model": "tasks_app.grupdetay",
    "pk": 1102,
    "fields": {
        "grup": 343,
        "aciklama": "TYT Coğrafya kritik konular kampı | 2026 - 2027 | 12 GÜNDE ( GÜN1 Doğa ve insan Soru çözüm )",
        "sure_bilgisi": "36 dk"
    }
},
{
    "model": "tasks_app.grupdetay",
    "pk": 1103,
    "fields": {
        "grup": 343,
        "aciklama": "TYT Coğrafya kritik konular kampı | 2026 - 2027 | 12 GÜNDE (GÜN2 Bölgeler Konu Anlatım)",
        "sure_bilgisi": "27 dk"
    }
},
{
    "model": "tasks_app.grupdetay",
    "pk": 1104,
    "fields": {
        "grup": 344,
        "aciklama": "1) Canlıların Ortak Özellikleri",
        "sure_bilgisi": "38 dk"
    }
},
{
    "model": "tasks_app.grupdetay",
    "pk": 1105,
    "fields": {
        "grup": 344,
        "aciklama": "2) İnorganik Maddeler",
        "sure_bilgisi": "24 dk"
    }
},
{
    "model": "tasks_app.grupdetay",
    "pk": 1109,
    "fields": {
        "grup": 345,
        "aciklama": "49 Günde TYT Matematik Kampı 14.Gün | I.Dereceden Denklemler | Rehber Matematik",
        "sure_bilgisi": "64 dk"
    }
},
{
    "model": "tasks_app.grupdetay",
    "pk": 1110,
    "fields": {
        "grup": 345,
        "aciklama": "49 Günde TYT Matematik Kampı 15.Gün 1.Video | Basit Eşitsizlikler | Rehber Matematik",
        "sure_bilgisi": "66 dk"
    }
},
{
    "model": "tasks_app.grupdetay",
    "pk": 1111,
    "fields": {
        "grup": 345,
        "aciklama": "49 Günde TYT Matematik Kampı 15.Gün 2.Video | Basit Eşitsizlikler | Rehber Matematik",
        "sure_bilgisi": "54 dk"
    }
},
{
    "model": "tasks_app.grupdetay",
    "pk": 1112,
    "fields": {
        "grup": 346,
        "aciklama": "49 Günde TYT Matematik Kampı 14.Gün | I.Dereceden Denklemler | Rehber Matematik",
        "sure_bilgisi": "64 dk"
    }
},
{
    "model": "tasks_app.grupdetay",
    "pk": 1113,
    "fields": {
        "grup": 346,
        "aciklama": "49 Günde TYT Matematik Kampı 15.Gün 1.Video | Basit Eşitsizlikler | Rehber Matematik",
        "sure_bilgisi": "66 dk"
    }
},
{
    "model": "tasks_app.grupdetay",
    "pk": 1114,
    "fields": {
        "grup": 346,
        "aciklama": "49 Günde TYT Matematik Kampı 15.Gün 2.Video | Basit Eşitsizlikler | Rehber Matematik",
        "sure_bilgisi": "54 dk"
    }
},
{
    "model": "admin.logentry",
    "pk": 1,
    "fields": {
        "action_time": "2026-05-04T07:05:05.575Z",
        "user": [
            "kayaa3413@hotmail.com"
        ],
        "content_type": [
            "users_app",
            "user"
        ],
        "object_id": "4",
        "object_repr": "ali (Öğrenci)",
        "action_flag": 2,
        "change_message": "[{\"changed\": {\"fields\": [\"Coach\"]}}]"
    }
},
{
    "model": "admin.logentry",
    "pk": 2,
    "fields": {
        "action_time": "2026-05-04T07:20:46.259Z",
        "user": [
            "kayaa3413@hotmail.com"
        ],
        "content_type": [
            "users_app",
            "user"
        ],
        "object_id": "4",
        "object_repr": "ali (Öğrenci)",
        "action_flag": 2,
        "change_message": "[]"
    }
},
{
    "model": "admin.logentry",
    "pk": 3,
    "fields": {
        "action_time": "2026-05-04T07:21:10.324Z",
        "user": [
            "kayaa3413@hotmail.com"
        ],
        "content_type": [
            "users_app",
            "user"
        ],
        "object_id": "7",
        "object_repr": "Test Student (Öğrenci)",
        "action_flag": 2,
        "change_message": "[{\"changed\": {\"fields\": [\"Coach\"]}}]"
    }
},
{
    "model": "admin.logentry",
    "pk": 4,
    "fields": {
        "action_time": "2026-05-04T20:49:19.363Z",
        "user": [
            "kayaa3413@hotmail.com"
        ],
        "content_type": [
            "users_app",
            "user"
        ],
        "object_id": "5",
        "object_repr": "Ali (Koç)",
        "action_flag": 2,
        "change_message": "[{\"changed\": {\"fields\": [\"Is approved\"]}}]"
    }
},
{
    "model": "admin.logentry",
    "pk": 5,
    "fields": {
        "action_time": "2026-05-05T05:38:09.822Z",
        "user": [
            "kayaa3413@hotmail.com"
        ],
        "content_type": [
            "users_app",
            "user"
        ],
        "object_id": "15",
        "object_repr": "denemeci (Koç)",
        "action_flag": 2,
        "change_message": "[{\"changed\": {\"fields\": [\"Is active\"]}}]"
    }
},
{
    "model": "admin.logentry",
    "pk": 6,
    "fields": {
        "action_time": "2026-05-05T05:42:37.202Z",
        "user": [
            "kayaa3413@hotmail.com"
        ],
        "content_type": [
            "users_app",
            "user"
        ],
        "object_id": "2",
        "object_repr": "Ali Kaya (Koç)",
        "action_flag": 2,
        "change_message": "[{\"changed\": {\"fields\": [\"Is approved\"]}}]"
    }
},
{
    "model": "admin.logentry",
    "pk": 7,
    "fields": {
        "action_time": "2026-05-05T05:50:39.765Z",
        "user": [
            "kayaa3413@hotmail.com"
        ],
        "content_type": [
            "users_app",
            "user"
        ],
        "object_id": "14",
        "object_repr": "dirren (Koç)",
        "action_flag": 2,
        "change_message": "[{\"changed\": {\"fields\": [\"Is active\", \"Is approved\"]}}]"
    }
}
]
